Customer_ID,Recency_Days,Frequency,Monetary,Avg_Order_Value,Total_Quantity,Unique_Products,Tenure_Days,Repeat_Purchase_90d
12346,233,12,77556.46,6463.038333333334,74285,27,400,0
12347,37,6,3402.39,567.0649999999999,2099,107,274,1
12348,156,4,1709.3999999999999,427.34999999999997,2497,25,189,1
12349,315,3,2671.14,890.3800000000001,993,90,181,1
12350,218,1,334.40000000000003,334.40000000000003,197,17,0,0
12351,283,1,300.93,300.93,261,21,0,0
12352,170,7,1905.6100000000001,272.22999999999996,442,38,130,1
12353,112,2,406.76,203.38,212,23,204,0
12354,140,1,1079.4,1079.4,530,58,0,0
12355,122,2,947.61,473.80500000000006,543,35,353,0
12356,153,5,6313.38,1262.676,3411,104,179,1
12357,296,2,12079.99,6039.995,3879,165,0,1
12358,58,4,3203.8700000000003,800.9675,931,56,581,0
12359,97,9,6059.09,673.2322222222223,2095,230,544,1
12360,20,7,3209.11,458.4442857142857,1968,123,543,1
12361,195,4,511.25,127.8125,235,18,394,0
12362,28,5,1877.3500000000001,375.46999999999997,989,89,618,1
12363,17,2,552.0,276.0,408,23,132,0
12364,20,1,623.92,623.92,555,34,0,1
12365,199,2,641.38,320.69,174,22,0,0
12366,541,1,500.24,500.24,296,3,0,0
12368,536,1,917.7,917.7,330,18,0,0
12369,321,3,1791.15,597.05,1241,90,228,0
12370,182,6,3577.28,596.2133333333333,2224,150,394,1
12371,317,3,2179.42,726.4733333333334,845,91,235,1
12372,120,2,914.9200000000001,457.46000000000004,592,32,83,1
12373,219,3,1127.65,375.8833333333334,516,36,362,0
12374,329,3,2246.29,748.7633333333333,1020,47,166,1
12375,6,1,230.3,230.3,87,11,0,1
12376,297,2,503.15,251.575,240,11,28,0
12377,223,4,3426.32,856.58,2105,129,274,0
12378,37,2,5416.32,2708.16,3316,281,432,0
12379,78,3,1227.82,409.2733333333333,619,50,364,1
12380,93,8,7559.04,944.88,2521,125,476,1
12381,27,1,1268.74,1268.74,568,62,0,1
12383,92,5,1850.56,370.11199999999997,1532,84,167,0
12384,29,1,292.69,292.69,62,14,0,1
12385,287,1,1938.4,1938.4,612,65,0,0
12386,245,2,401.9,200.95000000000002,354,10,29,0
12387,323,1,143.94,143.94,134,9,0,0
12388,56,6,2788.79,464.79833333333335,1299,77,434,1
12389,310,3,1433.33,477.77666666666664,614,41,253,0
12391,372,5,2285.18,457.03600000000006,911,159,198,1
12392,499,1,234.75000000000003,234.75000000000003,73,7,0,0
12393,153,5,1877.95,375.59,1017,53,182,1
12394,125,1,381.08,381.08,182,21,0,1
12395,20,11,3602.11,327.4645454545455,2716,122,490,1
12396,582,1,931.4300000000001,931.4300000000001,591,65,0,0
12397,43,1,1214.81,1214.81,704,70,0,1
12399,27,7,1962.3,280.3285714285714,2198,67,525,0
12400,322,1,205.25,205.25,91,11,0,0
12401,211,1,84.3,84.3,11,5,0,0
12402,231,6,1256.9,209.48333333333335,584,43,347,0
12403,429,1,591.6600000000001,591.6600000000001,164,4,0,1
12404,590,1,63.24,63.24,1,1,0,0
12405,56,1,1710.39,1710.39,857,54,0,0
12406,91,4,4596.31,1149.0775,2391,81,513,1
12407,42,4,1407.36,351.84,1237,50,130,1
12408,6,7,3586.27,512.3242857142858,1864,90,399,1
12409,90,5,18553.7,3710.7400000000002,10734,165,382,1
12410,216,3,1013.71,337.90333333333336,341,36,193,0
12411,317,1,346.9,346.9,138,22,0,0
12412,45,5,2260.79,452.158,1767,74,401,1
12413,144,3,805.25,268.4166666666667,238,37,166,1
12414,125,6,952.4100000000001,158.735,495,21,246,0
12415,7,22,121631.72,5528.714545454545,80774,438,428,1
12416,564,1,202.56,202.56,132,11,0,0
12417,14,18,5964.83,331.37944444444446,2561,252,626,1
12418,20,4,2021.2,505.3,1088,90,517,0
12419,293,2,503.01,251.505,231,23,27,0
12421,22,5,920.12,184.024,575,38,390,1
12422,3,17,5231.8,307.7529411764706,2596,137,625,0
12423,8,9,2413.75,268.19444444444446,1590,119,364,0
12424,70,4,3340.0299999999997,835.0074999999999,2025,78,385,0
12425,356,1,964.21,964.21,651,55,0,1
12426,102,2,1345.21,672.605,584,73,468,0
12427,279,1,303.5,303.5,79,10,0,1
12428,28,8,7548.12,943.515,3386,252,163,1
12429,80,7,5298.89,756.9842857142858,2378,107,373,1
12431,27,23,8819.34,383.4495652173913,3802,220,574,1
12432,78,3,4016.66,1338.8866666666665,1427,75,1,1
12433,274,5,7205.39,1441.078,6045,163,110,1
12434,168,2,583.54,291.77,215,34,120,1
12435,175,5,10075.03,2015.006,3782,81,469,1
12436,7,1,509.01,509.01,211,16,0,0
12437,6,32,10543.4,329.48125,6875,230,638,1
12438,48,1,890.0699999999999,890.0699999999999,586,49,0,1
12439,590,2,1142.88,571.44,478,69,43,0
12440,370,2,859.2,429.6,331,21,255,0
12441,274,1,173.55,173.55,121,11,0,0
12443,640,1,485.31,485.31,182,21,0,0
12444,29,2,2627.27,1313.635,650,96,49,1
12445,328,1,301.58000000000004,301.58000000000004,144,20,0,1
12447,151,1,476.49,476.49,190,26,0,0
12449,37,4,2405.48,601.37,1386,80,308,1
12450,64,5,688.2,137.64000000000001,442,31,318,0
12451,126,5,8942.18,1788.4360000000001,6889,259,311,1
12453,42,1,707.09,707.09,473,43,0,0
12454,303,4,13151.44,3287.86,6697,9,25,1
12455,35,9,5589.45,621.05,2979,181,593,1
12456,39,2,2265.4,1132.7,1073,77,123,1
12457,141,4,1699.93,424.9825,648,37,201,1
12458,192,3,1272.01,424.00333333333333,750,58,203,1
12459,513,1,454.36,454.36,258,23,0,0
12460,364,1,326.65,326.65,170,18,0,0
12461,2,2,826.88,413.44,287,35,60,0
12462,211,1,762.11,762.11,287,40,0,1
12463,83,3,985.7900000000001,328.59666666666664,577,51,66,1
12464,14,6,780.55,130.09166666666667,81,6,203,1
12465,77,1,440.94,440.94,294,26,0,1
12466,590,1,56.73,56.73,1,1,0,0
12467,331,1,132.8,132.8,129,9,0,0
12468,95,5,3670.7400000000002,734.1479999999999,2201,127,495,0
12469,430,2,3070.54,1535.27,2552,76,14,0
12470,597,1,211.95,211.95,95,23,0,0
12471,15,68,31210.54,458.9785294117647,12998,213,625,1
12472,46,17,14604.78,859.104705882353,9318,367,587,1
12473,22,2,1175.75,587.875,853,60,77,1
12474,6,26,9410.72,361.9507692307692,5905,285,568,1
12475,317,1,426.26,426.26,236,25,0,1
12476,49,18,10459.16,581.0644444444445,4355,292,360,1
12477,8,6,15890.66,2648.443333333333,4984,276,522,1
12480,51,6,4328.17,721.3616666666667,2341,146,364,1
12481,87,13,10690.95,822.3807692307693,6215,213,427,1
12482,484,29,23691.4,816.944827586207,27042,42,77,0
12483,6,17,4236.26,249.19176470588238,1842,60,578,1
12484,8,10,5485.43,548.543,2936,296,580,1
12485,437,1,708.1,708.1,414,34,0,0
12486,339,1,1037.28,1037.28,523,49,0,0
12487,638,1,285.3,285.3,174,2,0,0
12489,244,1,334.93,334.93,105,15,0,0
12490,1,17,7958.3,468.13529411764705,4852,171,645,1
12492,13,2,578.39,289.195,321,30,297,1
12493,73,2,433.74,216.87,207,20,31,0
12494,69,7,1438.03,205.43285714285713,636,62,414,1
12495,548,1,357.4,357.4,130,17,0,0
12496,528,2,45.34,22.67,30,10,0,0
12497,308,2,5205.400000000001,2602.7000000000003,4449,30,244,1
12499,468,1,393.72,393.72,302,27,0,0
12500,14,14,3471.23,247.945,1969,75,566,1
12501,244,1,2169.39,2169.39,1783,149,0,0
12502,3,5,3723.87,744.774,820,102,214,0
12503,492,1,1126.0,1126.0,561,2,0,0
12504,325,2,297.0,148.5,368,8,179,1
12505,316,1,955.2,955.2,324,42,0,0
12506,140,1,73.5,73.5,23,23,0,0
12507,42,4,1844.06,461.015,1256,46,450,0
12509,192,1,176.5,176.5,55,7,0,0
12510,50,9,5178.02,575.3355555555556,2049,94,592,0
12511,336,1,3084.02,3084.02,1753,190,0,0
12513,20,1,612.29,612.29,462,35,0,0
12514,175,2,1597.76,798.8800000000001,840,76,374,0
12515,261,1,383.7,383.7,131,16,0,0
12516,88,3,1919.76,639.9200000000001,1422,42,418,1
12517,34,2,1521.45,760.725,834,173,63,1
12518,18,1,324.83,324.83,187,18,0,1
12519,384,1,385.70000000000005,385.70000000000005,212,22,0,1
12520,50,4,2045.85,511.4625,1099,104,131,1
12521,50,1,599.68,599.68,309,38,0,0
12523,15,19,3580.33,188.43842105263158,1958,144,624,1
12524,70,15,9762.87,650.8580000000001,5769,138,507,1
12525,406,3,973.73,324.57666666666665,509,56,149,0
12526,2,1,520.3,520.3,318,29,0,1
12527,202,4,671.72,167.93,513,24,234,1
12528,22,4,1287.37,321.8425,503,46,198,1
12529,436,1,316.48,316.48,192,21,0,0
12530,31,8,3318.63,414.82875,2400,85,518,1
12531,594,1,1807.98,1807.98,1074,110,0,1
12533,535,2,1367.89,683.945,704,63,110,0
12534,38,1,1089.18,1089.18,651,63,0,0
12535,94,1,371.45,371.45,115,18,0,1
12537,316,1,732.94,732.94,449,43,0,0
12538,286,1,276.5,276.5,145,13,0,1
12539,170,6,10164.09,1694.015,4089,247,454,1
12540,0,27,18101.11,670.4114814814815,8767,301,639,1
12541,81,2,536.14,268.07,419,27,107,1
12542,392,2,481.88,240.94,522,39,156,0
12543,356,1,980.25,980.25,688,43,0,0
12545,167,1,628.15,628.15,346,34,0,1
12547,105,3,383.58,127.86,309,13,302,0
12548,74,1,95.19999999999999,95.19999999999999,49,5,0,0
12549,483,6,1575.68,262.61333333333334,1366,38,121,0
12551,265,1,168.0,168.0,100,10,0,0
12553,18,9,3336.06,370.67333333333335,1711,96,313,1
12554,356,1,468.5,468.5,240,26,0,0
12555,590,1,129.23,129.23,1,1,0,0
12556,59,1,308.75,308.75,163,60,0,1
12557,66,7,15106.14,2158.02,5462,15,564,1
12559,218,2,561.71,280.855,283,21,8,0
12560,20,2,1436.31,718.155,820,77,30,1
12561,210,1,238.85,238.85,177,16,0,0
12562,34,5,2790.41,558.082,1324,68,308,1
12563,316,1,249.24,249.24,113,13,0,0
12564,169,1,456.90000000000003,456.90000000000003,133,21,0,0
12565,196,1,145.92000000000002,145.92000000000002,80,9,0,0
12567,4,14,10216.18,729.7271428571429,4536,315,570,1
12568,552,1,70.0,70.0,48,5,0,0
12569,0,15,2167.6800000000003,144.51200000000003,857,48,160,1
12570,590,1,77.52,77.52,1,1,0,0
12571,29,1,248.35,248.35,197,14,0,1
12573,135,5,717.41,143.48200000000003,479,107,237,0
12574,223,1,218.45000000000002,218.45000000000002,61,11,0,0
12575,365,2,622.82,311.40999999999997,315,34,69,0
12576,3,7,1763.44,251.92000000000002,1192,97,430,1
12577,267,6,1186.3899999999999,197.73166666666665,856,195,376,1
12578,238,3,3456.6,1152.2,1932,109,113,1
12580,154,2,1052.9,526.45,569,52,329,0
12582,146,4,1980.4,495.1,985,88,338,0
12583,14,21,10542.41,502.0195238095238,6938,117,627,1
12584,35,4,782.59,195.6475,138,27,153,1
12585,142,2,2040.1,1020.05,1279,77,117,0
12586,282,3,1865.73,621.91,608,76,348,1
12588,307,3,743.88,247.96,385,27,198,1
12589,52,7,4180.48,597.2114285714285,1541,107,544,1
12590,119,2,9864.26,4932.13,4283,68,0,0
12591,225,3,1338.95,446.31666666666666,653,63,91,0
12592,0,5,2582.66,516.5319999999999,1875,42,427,0
12593,16,3,418.1,139.36666666666667,206,14,110,0
12594,29,13,4281.79,329.36846153846153,2431,78,525,1
12595,412,1,299.02,299.02,271,19,0,0
12596,150,1,269.95,269.95,156,15,0,1
12597,91,2,1428.81,714.405,675,72,85,1
12598,69,7,3095.39,442.1985714285714,1913,102,487,1
12599,34,12,2121.18,176.76500000000001,1982,42,451,1
12600,20,19,4304.9400000000005,226.57578947368424,1153,48,619,1
12601,97,6,681.26,113.54333333333334,290,24,214,0
12604,169,1,178.5,178.5,137,10,0,1
12605,284,4,1232.95,308.2375,929,63,81,0
12606,590,1,21.0,21.0,1,1,0,0
12608,312,1,415.79,415.79,323,16,0,0
12609,94,8,3109.7400000000002,388.7175,1423,117,533,1
12610,14,2,1256.25,628.125,625,68,19,1
12613,105,9,4935.51,548.39,3272,173,527,1
12614,185,1,315.6,315.6,76,20,0,0
12615,76,5,4084.53,816.9060000000001,2354,167,462,1
12616,3,3,1131.1,377.0333333333333,498,32,293,0
12619,24,6,2227.6,371.26666666666665,1896,33,444,1
12620,112,1,561.66,561.66,434,33,0,1
12621,8,30,20816.57,693.8856666666667,11705,297,568,1
12622,140,1,180.1,180.1,69,11,0,0
12623,184,7,3747.84,535.4057142857143,1971,112,420,0
12624,14,2,641.13,320.565,355,36,71,0
12625,119,4,5164.88,1291.22,3309,144,384,0
12626,20,6,4774.0,795.6666666666666,2337,170,214,1
12627,4,5,2727.83,545.566,1575,112,44,1
12629,293,2,1558.22,779.11,722,40,37,0
12631,364,5,2841.07,568.214,1371,105,237,1
12632,428,2,804.88,402.44,694,32,44,0
12633,37,6,5462.93,910.4883333333333,3144,213,395,1
12634,443,2,490.0,245.0,337,20,12,0
12635,62,3,1924.8700000000001,641.6233333333333,1176,106,301,1
12636,646,1,141.0,141.0,1,1,0,0
12637,1,10,6635.11,663.5110000000001,3386,273,450,1
12638,547,1,249.8,249.8,86,9,0,1
12639,146,3,1312.3700000000001,437.4566666666667,631,58,389,0
12641,23,1,185.9,185.9,72,10,0,0
12642,15,1,366.45,366.45,277,24,0,1
12643,36,12,8304.82,692.0683333333333,4665,14,482,0
12644,37,4,1918.49,479.62249999999995,1032,106,564,0
12645,17,7,3074.98,439.28285714285715,1866,106,559,1
12647,34,33,16119.44,488.4678787878788,6241,229,568,1
12648,62,4,1112.0,278.0,518,38,546,0
12649,15,8,2294.65,286.83125,1959,94,588,0
12651,242,4,377.75,94.4375,265,30,130,0
12652,239,2,1017.0300000000001,508.515,536,51,102,0
12653,56,3,4160.83,1386.9433333333334,1681,76,378,0
12654,105,3,337.75,112.58333333333333,151,19,97,1
12655,331,1,261.35,261.35,80,16,0,0
12656,24,6,5177.33,862.8883333333333,2417,140,446,1
12661,344,1,162.0,162.0,216,11,0,0
12662,15,16,5530.42,345.65125,2766,135,510,1
12663,532,2,239.4,119.7,181,9,43,0
12664,51,5,3145.64,629.128,797,10,583,1
12665,232,3,313.6,104.53333333333335,165,13,344,0
12666,302,1,1248.42,1248.42,370,31,0,0
12668,167,9,10500.35,1166.7055555555555,4749,258,417,1
12669,58,3,2744.0299999999997,914.6766666666666,1115,98,105,0
12670,6,5,2398.71,479.742,991,54,567,1
12671,514,1,2622.481,2622.481,1460,45,0,0
12672,237,2,437.05,218.525,138,22,265,0
12673,234,2,840.4,420.2,520,52,75,1
12674,78,2,976.8,488.4,494,30,37,1
12675,461,2,957.25,478.625,336,111,24,0
12676,31,9,2509.75,278.8611111111111,1691,58,359,1
12677,463,2,395.1,197.55,176,13,111,0
12678,8,18,24934.98,1385.2766666666666,16644,186,600,1
12679,113,2,906.38,453.19000000000005,407,43,77,1
12680,21,1,311.78,311.78,230,20,0,1
12681,59,38,25913.8,681.9421052631578,14894,424,574,1
12682,8,41,18890.32,460.73951219512196,8498,281,638,1
12683,0,18,9779.32,543.2955555555556,6012,224,633,1
12684,78,4,1379.48,344.87,1274,37,42,1
12685,0,2,1606.42,803.21,917,83,1,1
12686,279,1,89.14,89.14,107,7,0,0
12687,388,2,2138.91,1069.455,1403,126,0,0
12688,21,1,4873.81,4873.81,3028,171,0,0
12689,35,1,511.03000000000003,511.03000000000003,281,34,0,1
12690,113,1,389.01,389.01,106,16,0,0
12691,53,5,690.9,138.18,249,20,275,1
12692,545,1,110.95,110.95,36,13,0,0
12693,35,7,1703.02,243.28857142857143,536,63,395,0
12694,91,2,1413.18,706.5899999999999,1169,62,237,1
12695,15,5,1158.92,231.78400000000002,406,41,557,1
12696,342,2,851.91,425.955,564,43,74,0
12697,39,2,733.91,366.95500000000004,359,27,37,1
12698,498,1,339.75,339.75,111,16,0,0
12699,325,1,638.11,638.11,373,41,0,0
12700,64,2,2149.05,1074.525,1376,110,58,1
12701,150,5,1985.78,397.15600000000006,1295,92,390,1
12703,541,3,722.98,240.99333333333334,431,44,51,1
12704,13,3,1100.92,366.97333333333336,465,40,63,1
12705,66,9,9056.33,1006.2588888888889,5790,283,375,1
12707,199,1,603.42,603.42,256,33,0,0
12708,9,15,4436.52,295.76800000000003,2114,115,619,1
12709,4,30,27786.03,926.2009999999999,12691,189,634,1
12710,4,3,1149.02,383.00666666666666,851,75,104,0
12711,519,2,1339.05,669.5250000000001,770,56,65,0
12712,14,19,6239.9800000000005,328.42,2086,123,623,1
12714,14,11,12774.55,1161.3227272727272,7963,402,628,1
12715,14,1,343.36,343.36,192,20,0,0
12716,41,1,677.9,677.9,503,45,0,1
12717,59,3,1308.91,436.30333333333334,600,60,439,0
12720,2,22,5695.39,258.88136363636363,4430,230,412,1
12721,91,6,3055.86,509.30999999999995,1829,146,288,1
12722,22,3,929.65,309.8833333333334,559,48,35,1
12724,81,5,1566.47,313.294,1112,72,361,1
12725,279,4,2266.76,566.69,1142,92,213,0
12726,92,9,2872.8199999999997,319.2022222222222,3417,52,439,1
12727,3,9,5036.53,559.6144444444444,2490,114,559,1
12728,165,4,851.15,212.78750000000002,380,39,126,1
12729,21,1,453.01,453.01,233,26,0,0
12730,429,1,829.25,829.25,234,47,0,0
12731,52,13,18204.05,1400.3115384615385,8643,114,503,1
12732,87,1,236.26000000000002,236.26000000000002,111,12,0,0
12733,142,4,2424.87,606.2175,896,117,455,0
12734,260,3,639.65,213.2166666666667,265,17,39,0
12735,223,2,779.5699999999999,389.78499999999997,368,38,21,0
12736,240,1,234.0,234.0,173,4,0,0
12737,406,2,3710.5,1855.25,2,2,0,0
12738,280,1,155.35,155.35,148,11,0,0
12739,7,3,2689.23,896.41,950,85,295,1
12741,437,2,406.07,203.035,214,16,3,0
12742,533,1,1201.52,1201.52,1359,67,0,0
12743,42,2,540.13,270.065,315,114,0,0
12744,52,9,18249.74,2027.748888888889,6393,232,446,1
12745,394,3,925.41,308.47,468,21,195,0
12746,448,1,254.55,254.55,97,17,0,0
12747,17,23,7471.87,324.86391304347825,2227,79,622,1
12748,1,258,34153.21,132.37678294573644,20578,1826,641,1
12749,38,7,5561.71,794.53,1969,219,390,1
12750,36,1,275.88,275.88,137,15,0,0
12751,352,1,268.27,268.27,189,61,0,0
12753,43,5,16620.91,3324.182,9211,114,226,1
12754,143,3,3010.74,1003.5799999999999,6481,49,72,0
12755,188,11,5236.26,476.0236363636364,2293,34,413,0
12757,50,7,5281.08,754.4399999999999,918,89,68,1
12758,24,7,9903.24,1414.7485714285715,6155,187,621,0
12759,79,7,4571.82,653.1171428571428,2930,188,563,1
12760,363,1,347.8,347.8,198,21,0,0
12761,365,2,782.95,391.475,281,27,7,0
12763,46,2,494.08,247.04,316,16,230,0
12764,224,1,1693.88,1693.88,386,45,0,0
12765,380,6,1404.58,234.09666666666666,1009,49,169,0
12766,57,7,6881.55,983.0785714285714,3871,217,258,1
12767,283,1,949.82,949.82,598,43,0,0
12768,358,1,168.69,168.69,102,10,0,0
12769,146,1,1143.6,1143.6,356,32,0,0
12770,118,2,3246.45,1623.225,1843,19,245,0
12771,393,1,282.3,282.3,104,15,0,0
12773,472,1,124.25,124.25,109,6,0,0
12774,443,1,98.7,98.7,53,6,0,0
12775,97,6,1464.76,244.12666666666667,946,45,219,1
12776,575,1,55.5,55.5,46,4,0,0
12777,365,1,519.45,519.45,458,26,0,0
12778,91,7,1445.51,206.50142857142856,1368,66,419,1
12779,97,13,5492.16,422.4738461538461,2862,123,547,1
12780,506,1,337.4,337.4,285,20,0,0
12781,192,1,549.26,549.26,346,15,0,1
12782,57,10,4365.99,436.599,1889,135,369,1
12784,437,1,1230.33,1230.33,582,72,0,1
12785,272,3,1100.4,366.8,453,42,366,0
12786,517,1,728.5000000000001,728.5000000000001,324,18,0,0
12787,100,2,556.62,278.31,314,28,220,1
12788,371,4,444.90000000000003,111.22500000000001,194,20,65,0
12789,420,2,181.5,90.75,32,2,181,1
12790,100,2,591.85,295.925,306,36,218,0
12791,281,6,863.51,143.91833333333332,353,17,250,0
12792,164,2,827.01,413.505,394,39,278,0
12793,242,3,885.53,295.1766666666667,461,34,66,0
12794,6,1,317.0,317.0,227,20,0,1
12796,536,1,381.0,381.0,182,7,0,0
12797,273,2,552.08,276.04,215,27,58,0
12798,78,2,3140.9300000000003,1570.4650000000001,5455,27,250,1
12799,437,1,219.35,219.35,137,15,0,0
12800,378,3,584.25,194.75,284,31,206,0
12801,408,1,1071.82,1071.82,505,50,0,0
12802,94,7,2416.42,345.20285714285717,1972,108,377,0
12803,301,1,1092.81,1092.81,872,55,0,0
12804,373,2,325.37,162.685,270,60,34,0
12805,289,4,1434.95,358.7375,593,44,293,0
12806,343,4,2878.96,719.74,2087,58,153,0
12807,291,1,330.35,330.35,145,16,0,0
12808,92,4,574.4,143.6,242,35,278,1
12809,85,3,1755.94,585.3133333333334,518,75,469,0
12810,442,2,534.99,267.495,389,32,142,0
12811,168,5,1033.9,206.78000000000003,435,47,166,0
12813,409,3,1687.8,562.6,1141,37,191,0
12814,9,1,125.92,125.92,49,2,0,0
12815,55,2,1063.46,531.73,379,38,50,0
12816,3,2,572.2,286.1,128,27,80,0
12817,189,3,690.98,230.32666666666668,219,16,153,0
12818,169,1,1542.08,1542.08,929,14,0,0
12819,366,1,540.52,540.52,344,19,0,0
12820,234,8,1917.64,239.705,1388,91,407,1
12821,122,2,220.8,110.4,162,13,397,0
12823,35,17,5966.0,350.94117647058823,860,1,552,1
12825,429,2,518.63,259.315,139,20,120,0
12826,86,9,2144.65,238.29444444444445,1578,86,542,1
12828,7,3,415.51,138.50333333333333,157,23,31,1
12829,244,3,385.3,128.43333333333334,550,17,213,0
12830,42,4,5204.0,1301.0,6344,13,37,1
12831,170,3,451.11,150.37,303,16,200,0
12832,6,1,267.8,267.8,132,18,0,1
12833,53,1,417.38,417.38,156,24,0,0
12834,190,1,312.38,312.38,110,18,0,0
12835,335,41,5996.83,146.2641463414634,2349,138,308,0
12836,45,14,6061.9,432.9928571428572,2027,252,601,1
12837,81,2,662.66,331.33000000000004,194,83,396,0
12838,281,9,2694.75,299.4166666666667,1479,177,219,1
12839,0,21,7175.09,341.6709523809524,4842,139,640,1
12840,51,7,4041.9700000000003,577.4242857142857,2258,109,530,0
12841,14,32,5796.53,181.1415625,4093,253,412,1
12842,216,3,1109.73,369.91,497,27,429,1
12843,67,29,6573.41,226.66931034482758,3027,129,567,1
12844,38,3,497.52,165.84,175,68,463,1
12845,175,4,354.09000000000003,88.52250000000001,204,26,22,0
12846,590,1,15.58,15.58,1,1,0,0
12847,295,1,765.36,765.36,624,34,0,1
12848,583,1,208.0,208.0,58,16,0,0
12849,176,5,2701.03,540.206,1747,110,322,1
12850,353,1,330.0,330.0,200,2,0,0
12851,4,2,280.76,140.38,157,71,380,0
12852,202,1,311.55,311.55,149,17,0,0
12853,42,11,3907.5,355.22727272727275,1668,111,537,0
12854,149,6,2465.09,410.84833333333336,1426,166,487,1
12855,280,4,612.84,153.21,240,65,29,0
12857,118,6,3688.0,614.6666666666666,1420,71,472,0
12858,291,1,147.27,147.27,51,36,0,0
12859,366,1,575.1,575.1,292,21,0,0
12860,601,1,54.22,54.22,26,16,0,0
12861,527,1,68.25,68.25,27,4,0,0
12862,333,2,984.62,492.31,611,119,69,0
12863,287,5,2271.35,454.27,707,23,210,1
12864,46,2,299.57,149.785,447,5,369,0
12865,31,3,2736.62,912.2066666666666,1598,131,352,1
12866,191,3,1227.35,409.1166666666666,553,58,219,0
12867,4,12,6835.88,569.6566666666666,6958,338,626,1
12868,93,8,2043.76,255.47000000000003,1170,86,207,0
12869,589,1,337.66999999999996,337.66999999999996,144,35,0,0
12870,283,3,1676.95,558.9833333333333,906,85,248,0
12871,115,2,495.38,247.69,364,9,232,1
12872,234,12,3283.96,273.66333333333336,1642,217,409,0
12873,190,3,2027.3,675.7666666666667,786,33,399,0
12874,293,2,948.42,474.21,623,44,169,0
12875,51,5,1356.9900000000002,271.398,5187,2,554,0
12876,104,3,2590.2,863.4,1757,92,394,1
12877,32,17,2465.6,145.03529411764708,1764,93,566,1
12878,144,2,854.99,427.495,547,38,29,0
12880,289,2,640.13,320.065,279,32,192,0
12881,183,1,298.0,298.0,21,7,0,0
12885,31,1,645.35,645.35,346,39,0,1
12886,127,1,775.0,775.0,416,47,0,1
12887,291,1,222.4,222.4,100,13,0,0
12888,122,2,354.12,177.06,76,4,41,0
12889,289,4,385.46000000000004,96.36500000000001,124,25,121,0
12890,295,1,329.3,329.3,201,56,0,1
12891,93,11,840.5,76.4090909090909,2325,2,473,0
12892,304,1,263.38,263.38,140,18,0,0
12894,483,1,157.35,157.35,33,21,0,0
12897,112,4,514.25,128.5625,249,10,339,0
12898,371,2,296.21,148.105,235,27,195,0
12899,321,1,366.4,366.4,108,17,0,0
12900,330,1,340.33000000000004,340.33000000000004,139,13,0,0
12901,16,19,11639.470000000001,612.6036842105264,12420,29,162,1
12902,172,1,138.68,138.68,66,10,0,0
12903,336,1,833.5300000000001,833.5300000000001,493,41,0,0
12904,80,1,244.69,244.69,165,32,0,1
12905,484,2,1018.42,509.21,532,52,105,0
12907,303,2,508.91,254.45499999999998,177,23,98,0
12908,84,5,1776.0,355.2,3000,1,453,0
12909,109,6,2452.89,408.815,1454,98,451,1
12910,42,9,4208.38,467.59777777777776,2770,53,487,1
12911,459,1,1651.72,1651.72,807,220,0,0
12913,190,11,4666.0,424.1818181818182,2012,31,455,1
12914,308,1,223.98,223.98,336,9,0,0
12915,56,4,975.1,243.775,411,46,440,0
12916,46,7,4479.73,639.9614285714285,1681,82,545,0
12917,36,6,4359.2,726.5333333333333,1104,45,602,0
12918,534,1,10953.5,10953.5,1,1,0,0
12919,24,3,441.65,147.21666666666667,203,12,53,1
12920,479,3,323.86,107.95333333333333,292,32,153,1
12921,6,61,28729.62,470.9773770491803,17853,264,639,1
12922,69,1,405.38,405.38,370,28,0,0
12923,298,2,597.6,298.8,162,28,184,1
12924,106,11,2190.97,199.1790909090909,1227,45,532,1
12925,500,1,35.28,35.28,108,5,0,1
12926,319,4,1523.97,380.9925,754,202,314,0
12927,302,1,197.31,197.31,145,11,0,0
12928,55,10,3378.33,337.83299999999997,2117,81,401,1
12929,219,1,117.85,117.85,37,8,0,0
12930,79,1,221.56,221.56,108,14,0,1
12931,9,53,82822.08,1562.6807547169813,56286,37,637,1
12932,447,8,1698.56,212.32,1609,69,128,0
12933,79,7,1386.59,198.08428571428573,828,178,557,1
12934,644,1,181.65,181.65,31,2,0,0
12935,17,12,3618.5,301.5416666666667,2616,93,497,1
12937,105,7,2021.57,288.79571428571427,1244,81,538,1
12939,46,16,21673.08,1354.5674999999999,8660,24,558,1
12941,632,1,377.49,377.49,381,27,0,0
12942,39,3,675.6,225.20000000000002,198,68,234,0
12943,466,2,496.5,248.24999999999997,222,22,47,0
12944,262,1,286.95,286.95,145,14,0,1
12945,196,2,900.11,450.055,446,47,367,0
12946,344,1,324.45,324.45,149,20,0,0
12947,51,6,1603.99,267.33166666666665,1165,83,229,0
12948,13,6,1676.44,279.4066666666667,1023,71,632,1
12949,22,21,14808.9,705.1857142857143,7900,332,621,1
12951,81,14,2901.4300000000003,207.24500000000003,1490,104,524,1
12953,430,1,498.96,498.96,280,31,0,1
12954,546,1,162.45,162.45,83,10,0,0
12955,0,6,1843.36,307.22666666666663,1526,42,175,1
12956,214,4,521.89,130.4725,340,42,417,0
12957,94,9,6404.72,711.6355555555556,3385,296,542,1
12958,308,2,467.34,233.67,118,45,182,0
12959,392,1,150.95,150.95,109,8,0,0
12960,321,4,1322.0700000000002,330.51750000000004,1379,49,247,0
12961,287,1,211.99,211.99,180,37,0,0
12962,21,1,170.54,170.54,78,11,0,1
12963,273,5,1744.96,348.992,928,74,153,1
12964,345,1,132.24,132.24,56,26,0,0
12967,266,3,2938.52,979.5066666666668,912,47,25,0
12968,20,1,135.95,135.95,73,5,0,0
12969,510,1,122.45,122.45,55,5,0,0
12970,230,8,1071.93,133.99125,694,181,413,1
12971,0,94,12680.01,134.89372340425533,10933,92,631,1
12972,321,4,1161.2,290.3,844,69,247,0
12973,321,1,385.55,385.55,31,6,0,0
12974,105,2,408.95,204.475,104,27,367,0
12975,344,6,2100.09,350.01500000000004,911,92,296,0
12976,119,8,3156.38,394.5475,2684,106,453,0
12977,64,4,513.88,128.47,128,54,355,0
12978,293,5,2502.82,500.564,1394,126,344,0
12979,637,1,517.7,517.7,520,56,0,0
12980,65,21,16245.78,773.6085714285715,1910,7,579,0
12981,41,1,187.18,187.18,134,11,0,1
12982,150,8,2744.81,343.10125,1729,139,363,0
12983,506,1,490.08,490.08,638,30,0,0
12986,336,10,2729.84,272.98400000000004,1164,61,259,0
12987,105,4,1057.81,264.4525,474,48,491,1
12988,200,1,505.82,505.82,126,75,0,0
12989,65,26,11096.78,426.7992307692308,6038,23,571,1
12990,93,6,809.9,134.98333333333332,410,6,434,1
12991,20,2,564.62,282.31,439,36,277,1
12992,633,1,93.35,93.35,21,6,0,0
12993,28,7,1217.27,173.8957142857143,715,55,539,1
12994,28,2,645.47,322.735,303,38,148,1
12996,283,1,355.5,355.5,122,22,0,0
12997,144,6,1492.49,248.74833333333333,822,52,376,1
12998,400,3,920.08,306.6933333333333,1124,58,160,0
12999,104,3,455.88,151.96,342,25,49,0
13000,14,4,1032.5,258.125,548,57,618,0
13001,66,31,22839.25,736.75,12822,295,577,1
13002,226,3,414.13,138.04333333333332,201,19,116,0
13003,13,3,149.05,49.68333333333334,103,4,109,0
13004,22,30,9780.03,326.00100000000003,7221,345,610,1
13005,81,4,999.68,249.92000000000002,462,41,283,0
13007,487,1,175.25,175.25,59,11,0,0
13008,231,3,612.13,204.04333333333332,379,31,399,0
13009,580,1,234.0,234.0,120,4,0,0
13010,282,2,330.12,165.06,323,10,274,0
13011,280,1,50.550000000000004,50.550000000000004,13,3,0,0
13012,56,7,2323.3,331.90000000000003,1250,72,443,1
13013,0,25,9972.58,398.90319999999997,5195,271,633,1
13014,21,6,3937.28,656.2133333333333,1690,138,318,1
13015,105,10,5003.18,500.31800000000004,2623,202,405,1
13016,31,1,425.25,425.25,315,28,0,1
13018,0,25,7561.17,302.4468,5175,333,555,1
13019,287,6,1229.95,204.99166666666667,397,46,353,0
13020,470,2,618.96,309.48,278,38,97,0
13021,74,12,3423.33,285.2775,1721,116,567,1
13022,337,1,65.3,65.3,35,5,0,0
13023,37,2,1095.53,547.765,458,54,398,1
13024,378,2,555.87,277.935,181,26,111,0
13025,639,1,323.39,323.39,241,13,0,0
13026,0,7,1361.92,194.56,1746,33,633,1
13027,21,19,17239.2,907.3263157894737,42840,7,574,0
13029,46,4,1453.0,363.25,152,11,384,1
13030,276,1,402.36,402.36,174,50,0,1
13031,315,5,3292.84,658.568,2309,275,147,0
13032,300,7,1805.78,257.9685714285714,899,110,67,1
13033,265,2,220.55,110.275,98,12,72,0
13034,277,2,279.91,139.955,153,16,31,1
13035,168,2,775.32,387.65999999999997,494,22,170,1
13036,592,1,307.1,307.1,38,6,0,0
13037,46,12,3914.9500000000003,326.24583333333334,2130,181,597,0
13038,91,2,591.76,295.88,280,22,106,1
13039,492,4,1010.73,252.6825,290,37,138,0
13041,358,4,799.13,199.7825,335,23,139,0
13042,506,3,1488.59,496.19666666666666,812,164,133,0
13043,181,1,516.42,516.42,254,13,0,0
13044,199,11,4848.05,440.7318181818182,2548,356,409,0
13045,7,3,808.9200000000001,269.64000000000004,405,41,387,0
13046,174,2,517.66,258.83,317,31,190,1
13047,35,22,7873.0,357.8636363636364,3101,170,596,1
13048,21,8,3588.27,448.53375,2380,118,567,1
13049,226,3,905.34,301.78000000000003,430,12,83,1
13050,14,31,10659.4,343.85161290322577,5974,490,617,1
13051,486,2,155.8,77.9,72,4,40,0
13052,120,7,3119.33,445.61857142857144,1424,161,442,0
13053,529,1,127.65,127.65,47,17,0,0
13055,121,2,1451.56,725.78,1179,99,216,1
13056,459,1,209.48,209.48,158,18,0,0
13057,438,3,709.59,236.53,456,34,101,0
13058,59,1,47.550000000000004,47.550000000000004,9,3,0,1
13059,157,10,2291.77,229.177,860,155,368,0
13060,161,1,307.53000000000003,307.53000000000003,123,15,0,0
13062,99,1,346.98,346.98,343,11,0,0
13063,388,1,188.4,188.4,116,12,0,0
13064,60,4,1220.5,305.125,438,41,439,1
13065,281,5,1055.05,211.01000000000005,381,49,174,0
13067,317,2,393.05,196.52499999999998,99,13,36,1
13068,227,1,165.0,165.0,100,1,0,1
13069,7,34,8723.03,256.55970588235294,14451,550,443,1
13070,100,4,751.7,187.925,372,12,539,0
13071,520,1,129.22,129.22,30,12,0,0
13072,174,1,177.15,177.15,69,7,0,0
13073,319,2,418.08,209.04,261,25,26,0
13074,419,4,1378.74,344.685,826,26,212,0
13075,37,1,919.61,919.61,485,22,0,0
13076,365,1,135.4,135.4,44,9,0,0
13077,198,10,2588.82,258.882,2212,176,438,0
13078,14,46,23307.27,506.6797826086957,8902,141,632,1
13079,48,2,222.88000000000002,111.44000000000001,100,11,277,1
13080,87,4,280.73,70.1825,193,17,430,0
13081,51,25,47371.11,1894.8444,33674,676,587,1
13082,34,21,7335.75,349.32142857142856,8466,99,591,0
13083,333,1,91.67999999999999,91.67999999999999,120,4,0,1
13084,399,1,122.39999999999999,122.39999999999999,144,2,0,0
13085,65,8,2433.28,304.16,944,50,581,0
13086,290,1,439.33000000000004,439.33000000000004,155,47,0,0
13087,634,1,313.64,313.64,86,15,0,0
13088,325,1,236.11,236.11,76,19,0,0
13089,7,177,97915.57,553.1953107344633,51689,776,637,1
13090,44,19,9092.94,478.5757894736842,2117,130,358,1
13091,637,2,1976.0,988.0,873,24,0,1
13092,119,11,2102.2,191.1090909090909,480,48,456,1
13093,183,55,54144.25,984.4409090909091,25971,199,460,0
13094,37,11,1827.8400000000001,166.16727272727275,1536,5,259,1
13096,302,1,419.7000000000001,419.7000000000001,6,1,0,0
13097,30,26,11957.39,459.89961538461534,4846,366,615,1
13098,2,18,15169.46,842.7477777777777,8701,110,223,1
13099,7,1,207.36,207.36,288,1,0,0
13101,142,4,695.4,173.85,478,48,446,0
13102,41,32,9917.710000000001,309.92843750000003,5523,185,448,1
13103,345,2,465.70000000000005,232.85000000000002,344,21,139,1
13104,41,6,987.06,164.51,510,5,520,1
13105,344,1,72.0,72.0,100,1,0,0
13106,41,2,603.46,301.73,231,15,280,0
13107,83,7,4656.67,665.2385714285714,3839,127,497,1
13108,280,2,748.46,374.23,745,27,62,0
13109,65,2,717.34,358.67,497,42,394,1
13110,45,10,2511.04,251.10399999999998,649,141,601,1
13111,626,1,321.88000000000005,321.88000000000005,180,12,0,0
13112,449,1,20.599999999999998,20.599999999999998,11,2,0,0
13113,21,33,16771.170000000002,508.2172727272727,4006,165,507,1
13114,638,1,234.38,234.38,74,16,0,0
13115,92,7,4078.4700000000003,582.6385714285715,2988,161,415,1
13116,46,1,501.14,501.14,291,30,0,0
13117,29,17,2112.52,124.26588235294118,1610,114,501,1
13118,116,7,2017.3,288.18571428571425,698,85,230,1
13119,576,1,134.9,134.9,110,11,0,0
13120,146,1,30.6,30.6,12,1,0,0
13121,177,1,283.73,283.73,252,50,0,0
13122,2,2,922.39,461.19500000000005,585,54,146,0
13123,380,2,506.75,253.375,268,36,56,0
13124,160,3,3401.8,1133.9333333333334,2220,163,132,1
13125,431,1,148.62,148.62,53,20,0,0
13126,161,10,2752.59,275.259,2208,123,394,1
13128,539,1,263.5,263.5,31,1,0,0
13129,360,2,233.25,116.625,296,10,77,0
13130,2,1,64.0,64.0,32,2,0,0
13131,95,5,2565.37,513.074,1204,98,481,1
13132,169,1,77.3,77.3,20,3,0,0
13133,181,3,200.45,66.81666666666666,55,12,185,0
13134,91,5,1567.39,313.478,635,61,232,1
13135,104,2,3371.45,1685.725,4423,18,294,0
13136,50,11,4893.63,444.87545454545455,2458,179,588,1
13137,0,13,5871.97,451.69,3203,547,409,1
13138,41,4,801.07,200.26749999999998,363,33,263,1
13139,17,4,4848.9800000000005,1212.245,2915,128,328,1
13140,16,5,1054.92,210.984,572,89,382,0
13141,122,16,6668.36,416.77250000000004,4553,259,516,1
13143,492,1,405.1,405.1,198,23,0,0
13144,240,2,135.35,67.675,29,6,98,0
13145,35,5,923.8,184.76,145,2,472,1
13147,7,1,118.8,118.8,24,1,0,1
13148,41,24,7580.57,315.8570833333334,3892,400,598,1
13149,14,3,1132.6200000000001,377.54,884,58,182,1
13150,392,3,449.96999999999997,149.98999999999998,171,7,146,0
13151,203,3,2465.21,821.7366666666667,813,131,332,0
13152,325,7,2146.38,306.6257142857143,977,114,277,0
13154,307,3,1624.84,541.6133333333333,976,78,336,0
13155,234,4,967.9200000000001,241.98000000000002,506,68,165,1
13156,293,3,1586.54,528.8466666666667,914,94,290,0
13157,49,8,4819.34,602.4175,4111,137,500,1
13158,2,5,1508.18,301.636,992,70,293,0
13159,14,2,843.09,421.54499999999996,627,75,9,1
13161,221,2,472.13,236.065,105,30,187,0
13162,30,16,9275.49,579.718125,5755,186,613,0
13163,518,1,17.65,17.65,3,2,0,0
13164,477,2,372.2,186.10000000000002,120,7,98,0
13165,259,2,784.32,392.15999999999997,856,20,61,1
13166,191,2,875.93,437.96500000000003,522,55,131,0
13167,38,3,751.37,250.45666666666668,669,46,259,1
13168,107,4,1494.2,373.55,773,119,342,1
13169,160,2,632.4000000000001,316.2,120,11,309,1
13171,207,1,140.35,140.35,53,23,0,1
13172,308,1,69.6,69.6,48,1,0,0
13173,275,10,2212.11,221.211,1318,147,362,1
13174,224,11,7286.6,662.4181818181819,3369,564,418,1
13175,490,2,831.45,415.725,423,40,153,0
13177,338,1,229.75,229.75,89,13,0,1
13178,41,18,12725.45,706.9694444444444,7807,183,589,1
13179,526,1,572.3100000000001,572.3100000000001,368,34,0,0
13180,515,1,86.10000000000001,86.10000000000001,42,4,0,0
13181,289,1,359.69,359.69,171,19,0,0
13183,9,12,5473.38,456.115,3267,64,534,1
13184,38,9,1472.1,163.56666666666666,1537,122,159,1
13185,175,1,71.4,71.4,12,1,0,0
13186,1,2,1301.94,650.97,547,57,35,1
13187,245,4,341.36,85.34,296,51,287,0
13189,23,1,127.0,127.0,526,18,0,1
13190,452,3,570.66,190.22,308,16,188,0
13191,566,1,164.69,164.69,115,58,0,0
13192,3,6,2558.58,426.43,1629,135,591,0
13194,43,2,472.78,236.39,326,10,285,0
13195,322,1,136.73,136.73,70,43,0,0
13196,170,4,1783.19,445.7975,1102,89,355,1
13197,517,1,373.01000000000005,373.01000000000005,204,19,0,0
13198,28,7,4582.17,654.5957142857143,3170,248,313,1
13199,0,51,10887.25,213.47549019607843,9043,42,642,1
13200,34,1,319.32,319.32,249,14,0,1
13201,410,4,1233.06,308.265,1036,65,140,0
13202,302,7,1580.3,225.7571428571429,572,55,336,0
13203,28,8,2088.65,261.08125,1887,125,601,1
13204,639,1,966.6600000000001,966.6600000000001,428,57,0,0
13205,351,1,2803.2,2803.2,256,1,0,0
13206,308,13,8308.19,639.0915384615384,7086,393,332,0
13207,58,3,483.12000000000006,161.04000000000002,120,8,461,1
13208,63,7,1587.47,226.78142857142856,1112,172,581,1
13209,36,10,6773.9800000000005,677.3979999999999,4783,230,555,1
13210,1,1,353.48,353.48,316,22,0,0
13211,3,9,2307.9900000000002,256.4433333333334,1590,96,638,1
13213,36,10,3294.82,329.482,2080,147,439,1
13214,325,7,3264.23,466.31857142857143,2966,207,228,0
13215,310,1,81.6,81.6,96,1,0,0
13216,175,1,333.74,333.74,297,5,0,0
13217,30,4,666.48,166.62,512,3,533,0
13218,35,1,62.64,62.64,88,5,0,0
13219,526,1,76.23,76.23,11,11,0,0
13220,93,4,1243.29,310.8225,332,43,390,1
13221,148,2,847.41,423.70500000000004,244,62,119,0
13222,485,1,88.5,88.5,30,1,0,0
13223,108,6,969.12,161.52,568,8,464,0
13224,59,1,1212.26,1212.26,665,42,0,1
13225,51,14,14095.79,1006.8421428571429,6149,54,579,1
13226,181,2,312.46,156.23000000000002,179,28,120,0
13227,109,1,257.7,257.7,99,9,0,0
13229,133,1,160.95,160.95,63,10,0,0
13230,46,28,5559.61,198.55749999999998,3214,582,492,1
13232,6,5,1019.05,203.81,649,129,144,1
13233,244,3,875.58,291.85999999999996,1004,49,358,1
13234,580,2,346.5,173.25,159,56,59,0
13235,120,1,1031.07,1031.07,441,53,0,0
13236,14,1,439.23,439.23,168,21,0,1
13237,295,1,643.0,643.0,128,24,0,0
13238,71,4,624.75,156.1875,281,19,426,1
13239,169,5,1594.69,318.938,1151,86,240,0
13240,4,8,1475.79,184.47375,709,160,556,0
13241,319,1,112.53,112.53,46,40,0,0
13242,20,7,699.4,99.91428571428571,350,19,555,0
13243,111,5,1220.38,244.07600000000002,554,165,428,0
13244,0,1,121.74000000000001,121.74000000000001,38,27,0,0
13245,340,1,558.72,558.72,246,29,0,1
13246,84,10,3228.74,322.87399999999997,2742,214,348,1
13248,32,2,465.68,232.84000000000003,305,25,64,0
13249,0,9,1608.9299999999998,178.77,1246,21,592,0
13250,368,2,253.09,126.545,107,17,41,0
13251,310,1,252.68,252.68,215,25,0,0
13252,302,2,399.3,199.65,134,19,231,0
13253,64,4,2951.11,737.7775,3015,73,546,0
13254,284,1,51.41,51.41,43,4,0,0
13255,281,2,504.95,252.475,340,19,138,1
13257,344,1,149.75,149.75,33,7,0,0
13258,113,3,535.47,178.49,241,14,195,1
13259,305,8,1119.36,139.92000000000002,377,181,301,1
13261,176,2,944.1,472.05,210,8,17,0
13262,171,3,573.45,191.15,247,48,337,0
13263,16,27,6094.06,225.70592592592595,3399,434,305,1
13264,350,1,722.5600000000001,722.5600000000001,375,38,0,0
13265,91,3,1450.66,483.55333333333334,1126,44,89,1
13266,20,15,4836.36,322.424,5469,129,609,1
13267,0,32,8027.66,250.864375,3334,134,639,1
13268,77,6,2117.81,352.9683333333333,2490,206,97,1
13269,17,21,6172.54,293.9304761904762,4867,195,628,1
13270,274,1,590.0,590.0,200,1,0,0
13273,21,1,138.98,138.98,153,16,0,0
13274,317,1,360.85,360.85,199,19,0,0
13275,291,2,238.86,119.43,138,48,248,0
13276,7,4,1438.36,359.59000000000003,699,191,542,1
13277,24,5,390.8,78.16,292,9,423,1
13278,307,3,893.12,297.70666666666665,821,48,210,1
13280,30,7,2293.33,327.61857142857144,1489,159,522,0
13281,347,1,350.85,350.85,201,22,0,0
13282,70,3,954.15,318.05,275,28,243,1
13283,93,3,305.2,101.73333333333335,144,14,454,1
13284,238,1,201.19,201.19,91,13,0,0
13285,69,5,2625.57,525.114,1860,147,463,1
13286,508,1,734.91,734.91,274,46,0,0
13287,511,3,781.59,260.53000000000003,429,46,101,0
13288,351,5,927.61,185.522,379,7,223,0
13289,631,1,307.95,307.95,119,16,0,0
13290,346,1,208.63,208.63,1,1,0,0
13291,63,11,3270.79,297.3445454545454,1600,155,510,0
13292,192,4,665.14,166.285,316,41,242,1
13293,300,6,1192.94,198.82333333333335,555,51,276,0
13294,97,3,1689.53,563.1766666666666,996,93,456,0
13295,267,4,1101.97,275.4925,733,56,217,0
13296,45,6,792.51,132.085,653,50,439,0
13297,293,3,2278.77,759.5900000000001,1731,58,157,1
13299,176,3,1218.7,406.23333333333335,416,56,260,0
13300,77,3,1285.51,428.50333333333333,455,44,404,0
13301,11,4,618.09,154.5225,345,75,188,0
13302,63,2,159.2,79.6,12,3,371,0
13303,308,1,61.72,61.72,26,4,0,0
13304,259,4,1217.99,304.4975,716,59,318,0
13305,0,14,3086.8,220.4857142857143,1931,140,546,1
13306,338,1,53.65,53.65,74,4,0,0
13307,28,3,273.34,91.11333333333334,140,15,472,0
13308,111,2,1099.81,549.905,749,42,393,1
13309,114,3,796.22,265.4066666666667,986,59,186,1
13310,114,4,1226.82,306.70500000000004,624,65,195,1
13311,58,1,490.11,490.11,271,24,0,1
13312,359,1,124.75,124.75,41,5,0,0
13313,49,10,2808.34,280.834,1944,93,596,1
13315,597,1,310.26000000000005,310.26000000000005,232,22,0,0
13316,39,8,10743.07,1342.88375,18700,93,508,1
13317,106,18,5526.391,307.0217222222222,2614,181,527,1
13319,21,50,17374.74,347.49480000000005,7223,298,620,1
13320,14,5,1660.55,332.11,1210,81,372,1
13324,111,15,7190.51,479.36733333333336,5716,30,360,1
13326,340,1,281.76,281.76,140,13,0,0
13327,20,19,8245.460000000001,433.97157894736847,3859,163,608,1
13328,224,1,1308.48,1308.48,680,17,0,0
13329,274,7,4323.97,617.71,3023,60,368,1
13330,0,6,2796.1,466.01666666666665,1951,80,562,0
13331,309,1,262.4,262.4,54,12,0,0
13333,319,3,1015.74,338.58,685,54,247,0
13334,98,4,5408.07,1352.0175,2777,280,461,1
13337,454,1,1575.26,1575.26,980,87,0,0
13338,65,4,2445.62,611.405,1151,113,545,0
13339,108,1,860.12,860.12,326,54,0,0
13340,13,10,20593.62,2059.362,9014,173,549,1
13341,168,1,775.85,775.85,301,42,0,0
13343,85,1,353.43,353.43,135,19,0,0
13344,185,1,1656.15,1656.15,599,68,0,1
13345,195,1,389.5,389.5,141,20,0,0
13346,370,6,299.4,49.9,180,4,133,0
13355,30,1,674.7,674.7,314,32,0,0
13357,165,5,3805.51,761.1020000000001,2112,284,369,0
13358,176,1,439.03000000000003,439.03000000000003,285,29,0,0
13359,311,1,603.75,603.75,220,33,0,1
13360,339,4,1553.65,388.4125,942,58,269,0
13361,380,2,1450.5,725.25,324,29,145,0
13362,153,5,3884.86,776.972,1826,161,179,1
13363,317,1,731.36,731.36,436,42,0,1
13365,125,1,700.6,700.6,404,39,0,1
13367,339,1,510.2,510.2,253,20,0,0
13368,164,4,1121.5,280.375,606,45,166,0
13369,273,1,308.28000000000003,308.28000000000003,149,14,0,0
13370,279,1,754.87,754.87,343,39,0,0
13371,413,2,2297.66,1148.83,1019,75,127,0
13373,66,5,6330.52,1266.104,3556,261,574,1
13374,322,2,422.8,211.4,135,17,34,0
13375,352,1,1013.58,1013.58,682,34,0,1
13376,7,3,1019.76,339.92,493,45,135,0
13377,304,2,1552.88,776.44,748,71,249,0
13379,44,1,136.29,136.29,166,13,0,1
13380,340,1,62.4,62.4,48,3,0,0
13381,21,10,7046.39,704.6389999999999,4347,148,624,1
13382,188,5,1387.58,277.51599999999996,863,74,451,0
13383,451,1,305.28000000000003,305.28000000000003,288,1,0,0
13384,36,6,4284.74,714.1233333333333,2782,149,371,1
13385,237,1,534.57,534.57,281,35,0,0
13386,322,2,835.46,417.73,514,24,22,0
13387,325,1,186.94,186.94,123,71,0,0
13388,39,3,1185.65,395.21666666666664,701,68,472,0
13389,140,1,257.89,257.89,115,18,0,1
13391,111,1,59.8,59.8,4,1,0,0
13392,585,1,91.14,91.14,82,8,0,0
13393,491,4,1131.45,282.8625,662,53,148,0
13394,23,16,5645.13,352.820625,4437,221,622,1
13395,93,3,1180.23,393.41,1660,77,236,0
13396,227,1,387.27000000000004,387.27000000000004,139,15,0,1
13397,18,9,2875.93,319.5477777777778,1264,62,578,1
13398,100,2,670.34,335.17,341,37,256,0
13399,372,3,275.4,91.8,120,10,54,0
13400,490,1,310.83,310.83,284,23,0,0
13402,35,4,1226.8500000000001,306.7125,917,55,437,0
13403,295,2,154.5,77.25,70,6,335,1
13404,120,1,217.81,217.81,99,9,0,0
13405,112,5,1198.81,239.762,853,32,520,1
13406,335,2,568.92,284.46,292,7,204,0
13407,486,3,2244.7,748.2333333333332,1690,85,83,0
13408,7,85,39894.422,469.34614117647055,22949,271,636,1
13410,95,7,1743.94,249.1342857142857,1026,21,544,1
13411,15,1,213.55,213.55,72,17,0,0
13412,528,1,487.35,487.35,176,33,0,0
13413,547,6,429.44,71.57333333333334,455,38,47,0
13414,41,6,2494.14,415.69,2702,48,469,0
13415,380,4,784.17,196.04250000000002,496,85,255,0
13416,644,1,228.3,228.3,66,7,0,1
13417,113,5,1264.66,252.93200000000002,442,42,464,1
13418,6,28,10176.36,363.4414285714286,6604,306,629,1
13420,57,2,159.85,79.925,101,8,20,0
13421,198,7,3050.08,435.7257142857143,1718,157,373,1
13423,336,1,217.03,217.03,141,12,0,0
13424,357,1,572.77,572.77,529,40,0,0
13425,16,5,3390.4300000000003,678.086,2358,124,471,0
13426,90,17,6084.74,357.9258823529412,3822,127,547,1
13427,28,5,888.79,177.75799999999998,766,32,601,1
13428,422,2,276.76,138.38,205,66,0,1
13431,314,6,2047.14,341.19,898,74,253,1
13432,479,2,439.1,219.55,217,98,40,0
13433,409,4,658.32,164.57999999999998,190,22,195,0
13434,4,4,1205.46,301.365,624,17,559,1
13435,18,5,1725.56,345.11199999999997,1519,64,389,1
13437,7,4,2173.6,543.4,689,108,91,1
13438,455,1,46.5,46.5,10,1,0,0
13439,163,3,986.61,328.87,952,132,270,0
13440,331,7,1295.25,185.03571428571428,573,49,28,0
13441,339,1,424.26,424.26,316,25,0,1
13442,575,3,419.87,139.95666666666668,115,33,70,0
13443,356,6,1273.16,212.1933333333333,805,176,228,0
13444,282,2,619.08,309.54,331,51,131,0
13445,534,1,241.89999999999998,241.89999999999998,198,7,0,0
13446,338,11,3881.89,352.89909090909094,2403,113,233,0
13448,126,11,6634.5,603.1363636363636,3267,271,514,1
13450,32,11,3497.7799999999997,317.97999999999996,3606,47,478,1
13451,34,10,6577.3,657.73,4844,534,502,1
13452,167,3,729.8,243.26666666666665,6,2,213,0
13453,73,3,781.69,260.56333333333333,341,33,236,0
13454,549,1,219.87,219.87,198,23,0,0
13455,274,5,1847.5900000000001,369.51800000000003,631,70,364,1
13456,63,3,855.0600000000001,285.02000000000004,261,18,51,1
13457,596,2,148.22,74.11,96,9,48,0
13458,7,12,9991.12,832.5933333333334,5773,258,288,1
13459,532,2,1160.41,580.2049999999999,986,57,57,0
13461,46,5,3599.2,719.8399999999999,2798,29,458,1
13462,160,5,1153.8500000000001,230.76999999999998,697,64,473,0
13464,302,5,2422.96,484.592,1037,95,223,1
13465,354,2,931.12,465.56,584,34,139,0
13466,92,5,1013.35,202.67000000000002,660,49,444,0
13468,0,64,11827.33,184.80203125,5092,276,643,1
13469,561,1,82.4,82.4,52,6,0,0
13470,7,2,165.0,82.5,100,7,15,0
13472,371,2,592.24,296.12,310,24,91,0
13473,240,7,2476.38,353.7685714285714,932,56,391,1
13474,144,3,646.59,215.53,318,116,258,0
13475,99,4,1431.78,357.945,1012,64,107,0
13476,86,5,2061.4700000000003,412.29400000000004,713,86,466,0
13477,46,9,2264.14,251.5711111111111,1696,93,545,1
13478,377,5,2215.78,443.15600000000006,1189,114,207,0
13479,108,4,851.37,212.8425,716,45,276,0
13480,324,2,627.82,313.90999999999997,362,40,262,0
13481,16,10,3387.61,338.761,1774,142,627,1
13482,140,2,336.09,168.04500000000002,187,20,395,0
13484,149,3,790.72,263.5733333333333,224,38,398,0
13485,141,11,3019.2200000000003,274.4745454545455,1798,131,503,0
13486,36,2,819.61,409.805,529,52,26,1
13487,121,4,680.27,170.0675,310,26,521,1
13488,28,19,11834.03,622.8436842105264,6089,335,563,1
13489,13,4,449.52,112.38000000000001,560,11,189,0
13490,562,1,154.25,154.25,25,8,0,0
13491,55,26,4340.29,166.93423076923077,2258,137,585,1
13492,44,3,1269.84,423.28000000000003,408,38,78,0
13493,183,2,618.63,309.315,380,6,11,0
13494,219,1,316.26000000000005,316.26000000000005,162,18,0,0
13495,140,8,3890.87,486.35875000000004,2121,50,500,1
13496,267,1,501.01,501.01,229,26,0,1
13497,190,6,1166.8300000000002,194.47166666666666,525,52,386,0
13498,638,1,327.38,327.38,362,17,0,0
13499,133,2,463.79,231.895,265,18,44,1
13500,30,2,625.93,312.96500000000003,357,38,278,1
13501,196,3,2885.11,961.7033333333333,1253,90,282,0
13502,182,4,677.66,169.41500000000002,336,20,273,1
13503,387,5,1642.39,328.478,857,148,181,1
13505,74,3,2583.12,861.04,1261,110,66,1
13506,224,5,1338.08,267.616,942,55,144,0
13507,6,3,2022.79,674.2633333333334,1212,123,47,1
13508,151,2,287.05,143.52499999999998,180,27,399,0
13509,7,6,840.02,140.00333333333333,907,24,407,1
13510,3,9,3664.54,407.1711111111111,2401,147,623,1
13511,584,1,282.76,282.76,60,5,0,0
13512,168,4,713.39,178.3475,419,31,322,0
13513,34,3,824.59,274.86333333333334,364,32,528,0
13514,336,3,663.7,221.23333333333335,248,13,253,1
13515,25,5,898.66,179.73200000000003,611,45,527,1
13516,146,2,441.85,220.925,185,22,179,1
13517,14,2,1612.18,806.09,981,99,73,1
13519,350,1,220.46,220.46,110,11,0,1
13520,45,10,5929.63,592.963,2842,72,585,1
13523,107,4,2938.93,734.7325000000001,1065,117,202,1
13524,9,3,408.86,136.2866666666667,187,14,118,1
13525,156,1,282.88,282.88,208,2,0,1
13526,646,2,1182.0,591.0,1911,29,0,0
13527,13,9,3661.4500000000003,406.8277777777778,2341,231,582,1
13529,112,1,181.1,181.1,30,7,0,1
13530,542,1,402.98,402.98,272,18,0,0
13531,113,6,1433.07,238.845,497,44,531,0
13533,90,3,269.09,89.69666666666666,202,61,84,0
13534,15,31,6222.35,200.72096774193548,3150,145,412,1
13535,310,1,89.5,89.5,10,1,0,0
13537,333,2,717.85,358.925,337,38,26,0
13538,2,11,2813.03,255.73000000000002,921,104,581,1
13539,148,6,1253.67,208.94500000000002,621,58,350,1
13540,375,3,632.39,210.79666666666665,189,26,188,0
13541,335,2,785.25,392.625,279,10,143,0
13542,284,17,3959.4900000000002,232.91117647058826,804,98,352,0
13543,542,2,1439.61,719.8050000000001,329,37,52,0
13544,148,5,627.15,125.42999999999999,282,186,404,1
13545,298,2,364.93,182.465,252,54,153,0
13546,108,3,647.41,215.8033333333333,337,58,223,1
13547,316,1,167.08,167.08,79,44,0,0
13548,4,3,901.44,300.47999999999996,558,169,375,0
13549,50,6,849.65,141.60833333333335,507,41,245,1
13550,291,1,342.55,342.55,430,40,0,0
13551,227,2,244.2,122.1,36,5,346,0
13552,31,19,5971.76,314.30315789473684,2237,145,534,1
13553,582,1,499.6,499.6,201,85,0,0
13554,288,7,1629.35,232.7642857142857,578,156,66,0
13555,109,11,6383.01,580.2736363636363,2994,204,487,1
13556,337,2,200.82,100.41,134,8,6,0
13557,188,12,2688.88,224.07333333333335,2076,116,450,1
13559,420,2,990.0,495.0,360,1,30,0
13561,123,11,1803.4,163.94545454545457,1125,131,433,0
13562,49,7,4248.58,606.9399999999999,1373,87,552,1
13563,48,1,310.88,310.88,146,39,0,1
13564,52,37,16498.97,445.91810810810813,8878,484,593,0
13565,242,2,284.76,142.38,166,28,76,1
13566,342,3,831.76,277.25333333333333,690,159,205,1
13567,336,4,1079.29,269.8225,643,180,113,0
13568,81,1,187.05,187.05,66,41,0,0
13569,275,3,497.74,165.91333333333333,232,103,60,1
13570,151,1,239.49,239.49,161,27,0,0
13571,0,21,3532.15,168.19761904761904,2285,223,638,1
13572,113,1,1384.25,1384.25,534,32,0,0
13573,161,5,646.04,129.208,355,54,383,1
13574,319,1,404.45,404.45,304,84,0,0
13575,41,2,218.75,109.375,113,13,42,1
13576,4,23,9326.19,405.48652173913047,3671,112,634,1
13577,0,10,2995.48,299.548,1467,92,632,1
13578,317,1,147.66,147.66,127,9,0,0
13579,277,4,1072.0,268.0,588,62,290,1
13580,314,1,107.75,107.75,45,5,0,0
13581,217,2,280.53000000000003,140.265,119,32,104,0
13582,297,2,241.68,120.84,106,10,227,0
13583,63,2,1445.031,722.5155,1097,93,523,0
13584,214,3,385.7,128.5666666666667,360,74,369,0
13585,438,3,684.54,228.17999999999998,1386,29,207,0
13586,449,1,127.28,127.28,38,20,0,0
13587,357,3,961.1,320.3666666666667,484,20,214,1
13588,7,4,1420.72,355.18,1648,101,155,1
13589,87,5,888.09,177.618,207,36,554,1
13590,58,16,5470.5,341.90625,4323,242,587,1
13591,112,6,1753.04,292.17333333333335,628,71,520,1
13592,113,3,205.51,68.50333333333333,71,12,58,1
13593,16,14,5493.29,392.3778571428571,2170,212,538,0
13594,393,1,136.35000000000002,136.35000000000002,37,7,0,1
13595,424,3,784.48,261.49333333333334,341,114,129,0
13597,308,2,396.71,198.355,231,17,2,0
13598,403,4,601.92,150.48000000000002,341,46,156,1
13599,64,20,6974.96,348.748,4486,146,581,1
13600,220,2,518.42,259.21,599,35,321,0
13601,119,3,839.87,279.95666666666665,684,114,335,1
13602,289,3,596.28,198.76,271,29,179,1
13604,566,1,717.62,717.62,242,21,0,0
13605,295,2,522.67,261.33500000000004,425,50,184,0
13606,151,2,246.63,123.315,240,37,68,1
13607,310,1,400.3,400.3,178,24,0,1
13608,448,1,232.05,232.05,110,31,0,0
13609,501,1,167.35,167.35,19,7,0,0
13610,18,12,1786.14,148.845,745,287,593,1
13611,78,9,2780.25,308.9166666666667,1654,142,566,1
13612,540,1,818.29,818.29,444,50,0,0
13613,360,5,1039.8500000000001,207.96999999999997,445,50,207,0
13614,72,4,1526.16,381.53999999999996,500,142,387,1
13615,226,8,6272.53,784.06625,2910,259,361,0
13616,476,2,283.85,141.925,172,31,122,0
13617,21,7,1100.27,157.18142857142857,481,43,381,1
13618,81,1,177.34,177.34,246,13,0,0
13619,452,2,224.94,112.47,79,39,129,0
13620,436,1,112.34,112.34,74,5,0,0
13621,24,1,213.85,213.85,343,19,0,0
13622,604,1,658.95,658.95,379,32,0,0
13623,118,9,2344.49,260.49888888888887,873,198,527,1
13624,296,1,462.08,462.08,820,22,0,0
13625,504,1,301.26,301.26,144,21,0,0
13626,160,2,707.04,353.52,398,44,126,0
13627,84,5,1634.43,326.886,1138,97,463,1
13628,584,1,310.14,310.14,106,16,0,0
13629,7,16,11296.86,706.05375,6572,27,567,1
13630,13,5,1361.46,272.29200000000003,973,49,179,1
13631,7,11,3070.42,279.1290909090909,467,6,167,0
13632,81,6,2339.14,389.85666666666674,912,124,438,1
13634,14,14,4242.38,303.02714285714285,1737,191,591,1
13635,350,3,1928.13,642.71,1207,89,296,1
13636,30,4,646.55,161.6375,339,36,163,1
13637,95,2,678.65,339.325,350,75,39,1
13639,344,1,312.93,312.93,197,19,0,1
13640,519,1,405.0,405.0,108,4,0,0
13641,548,5,1016.47,203.294,1098,41,93,0
13642,123,4,472.2,118.05,231,93,217,0
13643,6,9,1896.73,210.74777777777777,755,63,632,1
13644,13,1,851.09,851.09,659,48,0,1
13645,28,1,252.1,252.1,158,5,0,0
13646,307,2,326.25,163.125,79,58,0,0
13647,83,6,2197.42,366.2366666666667,1349,78,428,1
13648,308,8,1764.02,220.5025,960,95,337,0
13649,164,6,1453.68,242.28,782,97,270,0
13650,115,6,2197.18,366.19666666666666,1108,84,475,1
13651,289,1,132.65,132.65,29,8,0,1
13652,164,4,1805.21,451.3025,1170,102,395,1
13653,395,1,152.2,152.2,72,9,0,0
13654,53,9,5314.94,590.548888888889,4112,223,592,1
13655,22,6,2280.51,380.08500000000004,1225,103,477,0
13656,72,4,1078.85,269.7125,862,81,430,0
13657,109,1,152.34,152.34,132,9,0,1
13658,112,5,4319.63,863.926,1452,119,468,1
13659,113,12,4884.68,407.0566666666667,2527,224,455,0
13660,308,1,306.64,306.64,136,39,0,0
13661,511,1,325.24,325.24,118,17,0,0
13662,120,10,1868.79,186.879,989,109,446,1
13663,87,5,2047.51,409.502,893,87,467,0
13665,294,3,1711.66,570.5533333333333,1652,97,117,0
13666,195,4,107.3,26.825000000000003,50,15,448,1
13667,57,1,299.05,299.05,149,82,0,0
13668,21,30,11539.62,384.65400000000005,5312,356,614,1
13669,57,2,243.15,121.575,169,8,257,1
13671,302,1,172.6,172.6,95,61,0,0
13672,209,3,419.92,139.97333333333333,138,13,429,0
13674,340,1,240.68,240.68,102,14,0,0
13675,59,2,486.82000000000005,243.41000000000003,330,25,133,0
13676,447,2,243.9,121.95000000000002,104,13,80,0
13677,312,2,551.24,275.62,217,98,115,0
13678,59,1,232.6,232.6,924,16,0,0
13679,401,3,281.26,93.75333333333333,102,44,241,0
13680,245,10,10092.14,1009.2140000000002,4505,280,397,1
13681,63,1,203.46,203.46,96,13,0,1
13682,95,1,59.5,59.5,10,3,0,0
13683,365,1,258.6,258.6,180,10,0,0
13684,193,4,594.88,148.72,234,81,335,0
13686,90,3,409.04,136.34666666666666,378,27,218,0
13687,346,1,11880.84,11880.84,87167,45,0,0
13688,543,1,375.5,375.5,130,5,0,0
13689,352,1,349.5,349.5,210,3,0,1
13691,304,1,212.78,212.78,145,54,0,0
13692,121,4,2497.66,624.415,1610,69,206,1
13693,282,9,2011.8200000000002,223.53555555555556,880,78,358,0
13694,15,132,176512.71,1337.2175,173719,845,627,1
13695,6,13,2033.67,156.43615384615384,1362,36,479,1
13696,329,3,2020.4,673.4666666666667,552,24,244,0
13698,504,2,451.73,225.865,227,31,85,0
13699,63,2,764.15,382.07500000000005,219,33,395,0
13700,0,11,1983.11,180.28272727272727,2500,162,578,1
13701,354,1,161.0,161.0,80,9,0,0
13702,353,1,135.18,135.18,74,5,0,0
13703,226,2,425.56,212.78,128,36,96,0
13705,52,6,1528.01,254.66833333333332,780,51,479,1
13706,210,2,631.1700000000001,315.58500000000004,301,38,324,0
13707,175,5,3365.86,673.1719999999999,2210,142,269,0
13708,179,1,285.33,285.33,301,49,0,0
13709,9,10,4182.51,418.25100000000003,2504,184,595,1
13710,331,2,329.04,164.51999999999998,160,7,188,1
13711,126,9,1792.26,199.14000000000001,819,80,505,0
13712,154,2,766.42,383.21000000000004,1128,32,364,0
13713,316,3,740.76,246.92,284,70,174,0
13714,373,1,161.35,161.35,50,30,0,0
13715,189,17,8153.04,479.5905882352941,4800,277,357,0
13716,177,1,138.28,138.28,138,21,0,0
13717,36,6,1274.28,212.38,1752,82,356,1
13718,154,2,306.55,153.275,173,9,49,0
13719,113,8,2080.14,260.0175,1165,159,365,1
13720,24,4,799.9,199.975,501,42,138,0
13721,303,1,217.39999999999998,217.39999999999998,196,14,0,1
13722,39,10,5635.41,563.5409999999999,3059,137,514,0
13723,125,6,1194.08,199.01333333333332,593,51,394,0
13724,545,1,213.01,213.01,130,39,0,0
13725,77,7,1865.7,266.5285714285714,724,86,139,1
13726,8,1,292.68,292.68,384,23,0,1
13727,519,6,740.6700000000001,123.445,206,55,118,1
13728,15,15,2636.05,175.73666666666668,1165,68,622,1
13729,343,3,724.73,241.57666666666668,419,36,248,0
13730,43,2,752.6,376.3,488,38,25,0
13731,127,2,610.59,305.295,278,36,27,0
13733,318,2,487.03000000000003,243.515,335,28,324,0
13734,416,4,6695.6900000000005,1673.9225000000001,302,24,94,0
13735,83,11,8288.92,753.5381818181818,3726,318,550,1
13736,168,6,2380.2,396.7,1281,255,473,1
13737,108,1,339.6,339.6,125,29,0,0
13738,304,1,434.78000000000003,434.78000000000003,237,88,0,0
13739,435,1,75.3,75.3,22,3,0,1
13740,148,5,1582.77,316.554,987,83,496,0
13741,91,2,363.13,181.565,143,20,33,1
13742,70,10,2632.57,263.257,964,163,157,1
13743,15,5,912.12,182.42399999999998,1212,8,151,1
13744,3,2,1080.52,540.26,1153,54,197,0
13745,70,2,777.36,388.68,1146,46,383,0
13746,321,1,176.69,176.69,83,9,0,0
13747,281,2,169.8,84.9,60,4,51,0
13748,3,9,2064.35,229.3722222222222,1028,40,642,0
13750,48,10,3271.55,327.15500000000003,1285,47,476,1
13751,196,1,296.25,296.25,152,9,0,0
13752,32,7,1579.8300000000002,225.69000000000003,1005,75,403,0
13753,195,4,2094.57,523.6425,1450,64,449,0
13754,59,3,447.05,149.01666666666665,315,16,285,0
13756,1,17,6438.76,378.7505882352941,3793,134,630,1
13757,582,1,195.55,195.55,54,8,0,0
13758,109,13,7859.1,604.5461538461539,4316,199,537,1
13760,164,4,1211.94,302.985,522,80,336,1
13761,87,5,1373.23,274.646,661,82,476,1
13762,126,5,2472.48,494.496,2608,23,479,0
13763,325,2,3502.48,1751.24,2496,35,17,1
13764,52,5,2343.4900000000002,468.698,1742,240,498,1
13765,561,1,352.821,352.821,297,17,0,0
13766,403,1,190.35,190.35,137,16,0,0
13767,16,64,26359.58,411.8684375,11206,113,629,1
13768,634,2,875.97,437.985,373,30,4,0
13769,0,18,4858.2300000000005,269.9016666666667,2145,111,631,1
13770,330,4,785.37,196.3425,468,48,308,0
13771,107,7,4559.22,651.3171428571429,2488,135,453,1
13772,4,7,2660.36,380.0514285714286,1214,356,557,1
13773,304,2,301.54,150.77,174,19,263,0
13775,498,1,1049.66,1049.66,455,63,0,0
13776,336,2,623.98,311.99,2,1,0,0
13777,37,52,36021.340000000004,692.718076923077,16252,44,608,1
13778,11,4,1124.49,281.1225,511,33,462,0
13779,423,1,161.13,161.13,53,27,0,0
13780,78,2,488.34000000000003,244.17000000000002,334,43,236,1
13781,158,3,778.83,259.61,300,56,470,0
13782,32,10,1362.01,136.201,458,151,608,1
13783,395,4,1542.09,385.5225,3437,4,185,0
13784,2,12,2571.59,214.29916666666668,2599,13,356,1
13785,336,4,542.49,135.6225,151,26,31,0
13786,275,6,3127.9900000000002,521.3316666666667,1515,80,368,0
13787,272,5,1019.86,203.972,717,56,330,1
13788,413,1,3.75,3.75,1,1,0,0
13789,296,1,239.46,239.46,258,18,0,0
13791,35,2,1516.0,758.0,1200,7,40,0
13792,195,2,263.0,131.5,92,14,135,1
13793,554,1,96.0,96.0,52,7,0,0
13794,454,1,126.03,126.03,63,9,0,0
13795,296,4,836.3,209.075,1250,23,249,0
13796,407,1,289.7,289.7,218,22,0,0
13797,344,3,1179.45,393.15000000000003,573,71,210,0
13798,1,95,67436.16,709.8543157894737,42543,154,637,1
13799,24,9,2803.57,311.5077777777778,1539,64,527,0
13800,217,3,1679.56,559.8533333333334,891,73,427,0
13802,46,19,26259.11,1382.0584210526315,14129,212,523,0
13803,163,3,1338.91,446.30333333333334,831,73,363,0
13804,4,6,2098.7400000000002,349.79,1258,107,340,1
13805,37,1,500.24,500.24,728,6,0,1
13807,275,3,422.2,140.73333333333332,116,24,368,0
13808,1,2,723.1,361.55,324,33,3,1
13809,213,3,679.6999999999999,226.5666666666667,281,23,155,0
13811,91,3,814.5,271.5,68,7,55,0
13812,13,1,278.74,278.74,191,20,0,1
13813,42,5,1783.75,356.75,917,55,599,1
13814,0,3,2257.32,752.4399999999999,1214,56,434,0
13815,80,6,6426.13,1071.0216666666668,4786,188,493,1
13817,259,1,128.7,128.7,63,9,0,1
13818,337,1,61.28,61.28,60,5,0,0
13819,209,6,2642.35,440.39166666666665,2309,47,436,0
13820,326,3,652.75,217.58333333333334,285,68,262,0
13821,52,6,1379.08,229.84666666666666,477,158,559,0
13823,288,5,2445.79,489.158,1125,91,343,1
13824,43,11,3045.66,276.8781818181819,1334,52,501,1
13825,529,2,255.59,127.79500000000002,182,38,108,0
13826,84,1,189.5,189.5,82,10,0,0
13827,41,2,300.76,150.38,95,59,9,1
13829,329,1,102.0,102.0,12,1,0,0
13830,489,1,156.85000000000002,156.85000000000002,47,11,0,0
13831,46,16,5837.94,364.87125,2165,121,590,1
13832,330,1,557.69,557.69,392,51,0,1
13833,67,2,700.41,350.20500000000004,243,43,244,0
13834,484,2,324.19,162.095,221,15,92,0
13835,63,5,798.04,159.608,369,41,490,1
13836,307,2,620.37,310.185,273,29,15,0
13837,119,2,266.59000000000003,133.29500000000002,182,17,105,0
13838,25,9,1482.79,164.75444444444443,604,291,461,1
13839,394,1,139.95000000000002,139.95000000000002,25,7,0,0
13840,324,1,651.4,651.4,358,40,0,0
13841,160,1,85.0,85.0,100,1,0,0
13842,63,16,4098.99,256.186875,1841,166,505,1
13843,289,1,319.75,319.75,145,18,0,0
13846,150,3,1106.66,368.8866666666667,662,69,157,1
13847,627,1,310.72,310.72,96,19,0,0
13848,0,8,3015.0,376.875,9200,3,637,0
13849,78,4,2524.93,631.2325000000001,1199,139,453,1
13850,37,1,1595.48,1595.48,944,93,0,0
13851,3,8,4606.46,575.8075,2525,111,584,0
13852,518,1,187.35000000000002,187.35000000000002,85,11,0,0
13854,0,34,10304.2,303.06470588235294,3158,57,608,1
13855,408,4,1310.3400000000001,327.585,575,64,230,0
13856,76,11,1142.03,103.82090909090908,1105,33,450,0
13857,301,6,1001.01,166.835,782,99,177,0
13859,234,2,515.86,257.93,167,34,203,0
13861,337,2,273.26,136.63,225,21,101,0
13862,16,7,2128.03,304.00428571428574,1516,97,281,1
13863,155,4,1239.55,309.8875,553,59,345,0
13864,294,1,662.4000000000001,662.4000000000001,192,1,0,0
13865,44,3,383.34000000000003,127.78000000000002,154,23,152,1
13867,126,1,138.85,138.85,31,8,0,1
13869,31,10,7996.87,799.6870000000001,4302,502,567,0
13870,9,12,5120.61,426.7175,3182,152,567,1
13871,0,13,6095.24,468.8646153846154,2646,148,626,1
13872,435,3,919.57,306.5233333333333,339,51,198,0
13873,27,8,1038.92,129.865,472,55,526,0
13874,266,7,2049.15,292.7357142857143,864,46,314,0
13875,41,13,4452.38,342.4907692307692,2761,147,588,1
13877,378,2,332.44,166.22,370,20,219,1
13878,455,3,1145.33,381.77666666666664,464,59,56,1
13879,553,1,395.5,395.5,204,25,0,0
13880,53,12,2754.85,229.57083333333333,1545,101,416,1
13881,3,34,37418.26,1100.5370588235294,25570,177,549,1
13883,126,14,5628.32,402.0228571428571,3052,190,512,1
13884,185,8,1233.68,154.21,517,87,192,1
13885,97,2,506.8,253.40000000000003,182,28,11,0
13887,112,1,349.55,349.55,147,19,0,0
13888,27,7,2001.5900000000001,285.9414285714286,795,124,455,0
13889,0,6,1991.23,331.87166666666667,979,57,593,0
13890,15,6,1544.68,257.44666666666666,832,59,625,1
13891,286,3,859.21,286.40333333333336,476,97,203,0
13892,154,3,689.2,229.73333333333335,2282,11,329,1
13893,205,1,821.1,821.1,190,21,0,0
13894,218,1,160.85,160.85,105,10,0,1
13895,51,4,2352.75,588.1875,1131,100,593,1
13896,533,1,388.55,388.55,149,21,0,0
13897,346,2,849.5600000000001,424.78,620,42,238,1
13898,233,2,686.4,343.20000000000005,544,43,85,0
13899,182,1,298.5,298.5,122,15,0,1
13900,91,6,1610.5900000000001,268.4316666666667,938,80,441,0
13901,15,14,5461.42,390.1014285714286,3152,265,596,1
13902,540,5,34095.26,6819.051999999999,220600,58,92,0
13903,308,1,165.45000000000002,165.45000000000002,103,10,0,0
13904,202,1,201.12,201.12,223,17,0,1
13905,640,1,312.65,312.65,135,12,0,0
13906,317,1,42.0,42.0,100,1,0,0
13907,599,1,136.8,136.8,68,4,0,0
13908,34,3,1461.61,487.2033333333334,919,65,149,1
13909,331,2,282.85,141.425,301,35,98,0
13911,52,19,4091.71,215.35315789473685,3945,178,503,1
13912,331,1,124.95,124.95,29,7,0,0
13913,414,1,42.22,42.22,10,3,0,0
13915,302,1,70.80000000000001,70.80000000000001,24,2,0,0
13916,371,4,1275.81,318.9525,673,72,211,0
13917,99,1,65.38,65.38,38,5,0,1
13918,161,1,198.20000000000002,198.20000000000002,100,8,0,1
13919,29,3,1189.02,396.34,997,59,419,1
13920,339,4,1774.68,443.67,1772,81,130,0
13921,310,4,730.7,182.675,210,36,319,0
13922,259,3,865.2,288.40000000000003,467,30,115,0
13925,0,4,678.25,169.5625,331,28,42,0
13927,345,1,359.27,359.27,249,20,0,1
13928,14,2,225.45000000000002,112.725,87,13,26,1
13929,77,11,3494.1,317.6454545454545,1566,38,525,0
13930,44,1,210.0,210.0,210,10,0,1
13931,3,11,5257.38,477.94363636363636,3488,205,640,0
13932,202,1,307.4,307.4,72,16,0,0
13933,17,2,608.79,304.395,205,23,39,0
13934,171,1,922.1,922.1,390,31,0,0
13935,504,3,6116.92,2038.9733333333334,2252,67,55,0
13936,87,3,939.6600000000001,313.21999999999997,661,56,234,0
13937,77,2,880.13,440.065,587,54,233,0
13939,16,6,1382.6200000000001,230.43666666666664,1418,81,503,1
13940,24,2,391.06,195.53,240,25,27,1
13941,79,13,7745.4800000000005,595.8061538461538,3800,38,551,1
13942,442,1,320.0,320.0,1000,1,0,0
13943,485,1,246.54000000000002,246.54000000000002,94,15,0,0
13944,561,1,200.43,200.43,153,35,0,0
13945,302,2,854.1500000000001,427.075,413,49,85,0
13946,109,5,1800.63,360.12600000000003,2667,48,534,1
13948,268,4,548.76,137.19,248,23,374,0
13949,2,1,537.9,537.9,542,38,0,1
13950,154,1,179.31,179.31,81,7,0,1
13951,84,3,674.45,224.8166666666667,459,38,118,0
13952,125,14,12823.521,915.9657857142857,5947,238,505,0
13953,23,10,5729.36,572.9359999999999,4548,8,612,1
13955,62,3,544.0699999999999,181.35666666666665,272,82,220,0
13956,46,3,676.07,225.35666666666665,381,95,133,1
13957,325,3,458.25,152.75,157,21,240,0
13958,287,8,4709.2300000000005,588.65375,2264,172,354,0
13959,189,5,808.17,161.63400000000001,537,75,230,1
13961,300,1,538.4,538.4,226,19,0,0
13962,153,2,310.85,155.425,103,19,190,1
13963,216,17,2860.57,168.26882352941178,2007,129,288,0
13964,295,2,438.9,219.45,228,22,43,0
13965,384,3,996.61,332.2033333333333,425,23,226,0
13966,343,1,384.26,384.26,760,21,0,0
13967,53,2,166.3,83.15,66,4,250,0
13968,331,1,123.66,123.66,174,8,0,0
13969,15,28,7832.52,279.73285714285714,4082,374,517,1
13970,294,2,846.55,423.275,469,10,51,0
13971,14,12,3895.21,324.60083333333336,2572,165,576,1
13972,109,1,145.9,145.9,42,9,0,1
13973,195,1,264.7,264.7,109,11,0,0
13974,490,1,264.13,264.13,107,15,0,1
13975,36,10,4261.83,426.183,3135,377,547,1
13976,114,4,1192.3600000000001,298.09000000000003,452,49,461,0
13977,319,1,519.8100000000001,519.8100000000001,303,13,0,0
13979,301,6,2510.06,418.3433333333333,1631,309,343,1
13980,347,4,568.68,142.17000000000002,291,47,216,1
13981,323,1,331.14,331.14,234,22,0,0
13982,71,8,3312.62,414.0775,2125,98,525,1
13983,95,17,5831.52,343.03058823529415,3535,216,543,1
13984,34,11,1792.62,162.96545454545455,1269,50,606,1
13985,15,14,5733.77,409.555,2871,103,560,1
13987,287,2,682.54,341.27,492,46,21,0
13988,70,5,2533.34,506.66799999999995,1631,141,463,1
13989,147,4,1656.65,414.1625,1763,53,324,1
13990,121,1,311.3,311.3,190,16,0,0
13991,51,1,126.35,126.35,83,7,0,1
13992,288,2,142.7,71.35,90,5,82,1
13993,8,16,5556.76,347.2975,1888,108,636,1
13994,13,2,419.56,209.78,133,18,42,1
13995,23,12,3380.2200000000003,281.685,2088,134,605,1
13996,294,2,895.76,447.88,613,29,13,0
13997,427,3,376.46,125.48666666666668,143,36,31,0
13998,354,3,566.7,188.9,204,30,129,0
13999,3,26,8469.42,325.74692307692305,4533,168,638,1
14000,119,5,2046.34,409.26800000000003,1838,28,526,0
14001,140,8,3494.91,436.86375,1449,48,260,1
14002,42,2,529.73,264.865,877,47,22,0
14003,640,1,209.41,209.41,149,16,0,0
14004,6,9,4879.07,542.1188888888888,2433,97,337,1
14005,41,3,696.56,232.18666666666664,864,29,81,1
14006,23,7,2196.67,313.81,2181,55,536,0
14007,420,1,79.48,79.48,16,5,0,0
14008,340,1,509.04,509.04,326,32,0,0
14009,106,3,1099.91,366.6366666666666,951,71,264,0
14010,473,2,445.15,222.57500000000002,177,20,0,0
14011,388,2,457.82,228.91,644,32,127,0
14012,185,1,328.8,328.8,160,11,0,0
14013,18,5,1084.57,216.914,775,56,513,0
14014,284,2,1443.03,721.5149999999999,928,37,200,1
14016,69,11,11403.41,1036.6736363636364,5722,354,538,0
14017,479,1,229.75,229.75,73,14,0,0
14018,553,1,367.15,367.15,224,13,0,0
14019,6,2,800.53,400.265,553,28,39,1
14020,384,2,606.21,303.105,207,29,52,1
14021,63,7,1716.58,245.2257142857143,878,84,437,0
14022,133,2,792.15,396.07500000000005,681,45,261,0
14023,158,1,273.14,273.14,162,16,0,1
14024,29,3,645.74,215.24666666666667,238,33,269,0
14025,372,8,4057.9,507.2375,1914,60,119,0
14026,378,2,713.11,356.555,427,43,154,0
14028,458,3,10396.5,3465.5,7170,3,0,0
14029,52,1,165.20000000000002,165.20000000000002,24,6,0,1
14030,29,18,6820.46,378.9144444444444,3597,541,607,1
14031,34,38,31359.68,825.2547368421052,11583,262,609,1
14032,76,11,3416.19,310.5627272727273,3033,70,556,1
14033,463,1,109.44,109.44,576,1,0,0
14034,65,2,473.90999999999997,236.95499999999998,307,23,0,1
14035,15,7,2203.9900000000002,314.8557142857143,1113,48,505,1
14036,192,1,626.65,626.65,268,38,0,0
14037,84,6,836.95,139.49166666666667,590,96,556,0
14038,52,4,2595.92,648.98,1444,88,529,1
14039,483,1,115.08000000000001,115.08000000000001,100,4,0,1
14040,2,33,11697.95,354.48333333333335,4714,318,644,1
14041,174,1,141.41,141.41,94,21,0,0
14042,633,1,431.98,431.98,180,21,0,0
14043,399,2,302.59999999999997,151.3,152,37,238,0
14044,11,9,2966.9900000000002,329.66555555555556,2043,520,580,1
14045,17,16,10986.63,686.664375,4459,16,591,0
14046,192,1,154.99,154.99,460,14,0,0
14047,107,12,3295.42,274.61833333333334,1370,88,477,1
14048,213,3,748.69,249.56333333333336,467,126,77,0
14049,66,12,10689.42,890.785,6822,471,458,1
14050,14,1,485.98,485.98,447,37,0,1
14051,21,29,14848.03,512.0010344827587,4149,74,623,1
14052,298,1,241.3,241.3,85,65,0,1
14053,32,4,572.3,143.075,490,3,362,0
14055,14,3,1520.96,506.9866666666667,720,33,616,0
14056,15,17,5333.97,313.7629411764706,2864,274,177,1
14057,8,18,6940.68,385.59333333333336,5510,222,635,1
14058,370,2,469.19,234.59500000000003,211,23,67,0
14059,174,1,183.6,183.6,128,8,0,0
14060,16,25,6860.6,274.42400000000004,5803,86,530,1
14061,415,3,917.4300000000001,305.81,133,17,230,0
14062,20,21,22922.59,1091.5519047619048,10816,138,616,1
14063,346,9,22710.2,2523.355555555556,3850,30,293,0
14064,21,14,3022.93,215.92357142857145,3651,116,574,1
14065,297,3,891.02,297.00666666666666,582,42,42,0
14066,174,1,152.55,152.55,45,7,0,0
14067,4,1,224.67,224.67,216,25,0,1
14068,228,4,1516.72,379.18,510,93,357,0
14069,422,2,225.81,112.905,58,37,46,0
14070,592,1,321.6,321.6,85,40,0,0
14071,168,2,356.81,178.405,295,22,4,1
14072,574,1,390.85,390.85,65,19,0,0
14074,531,1,219.4,219.4,228,6,0,0
14075,169,4,1100.53,275.1325,1010,48,280,1
14076,37,1,118.67,118.67,79,43,0,0
14077,90,4,426.06,106.515,256,41,212,1
14078,9,9,1553.47,172.60777777777778,586,107,519,0
14079,32,2,618.73,309.365,302,13,557,0
14080,321,4,1070.08,267.52,220,70,323,1
14081,210,10,4867.57,486.75699999999995,3381,465,426,0
14082,272,2,413.36,206.68,246,48,27,0
14083,34,9,612.6800000000001,68.07555555555557,429,99,595,1
14084,420,1,150.5,150.5,306,7,0,0
14085,49,27,8520.32,315.5674074074074,5447,443,590,1
14086,370,1,39.95,39.95,1,1,0,0
14087,312,2,638.0,319.0,468,126,330,1
14088,36,10,39052.88,3905.2879999999996,9685,297,292,1
14090,232,1,76.32000000000001,76.32000000000001,72,1,0,0
14091,562,2,9530.08,4765.04,3316,13,44,0
14092,7,20,5897.96,294.898,3035,152,623,1
14094,347,1,311.77,311.77,158,41,0,0
14095,630,1,2.95,2.95,1,1,0,0
14096,6,2,125.06,62.53,42,24,3,1
14097,389,2,422.86,211.43,352,39,164,0
14099,28,17,4956.66,291.56823529411764,3213,252,609,1
14100,45,1,191.95,191.95,63,24,0,0
14101,50,12,8929.53,744.1275,10006,19,478,1
14104,62,5,743.53,148.706,496,117,405,0
14105,147,5,5988.83,1197.766,3534,200,482,0
14106,645,1,214.8,214.8,24,1,0,0
14107,4,10,4636.01,463.601,3302,99,634,1
14108,9,3,738.38,246.12666666666667,488,32,636,1
14110,27,26,10564.42,406.32384615384615,4914,154,619,1
14111,3,3,295.5,98.5,202,5,146,1
14112,38,10,4820.26,482.026,3036,174,523,1
14113,262,13,5685.6900000000005,437.3607692307693,2796,58,377,1
14114,181,7,1364.09,194.86999999999998,650,72,332,0
14115,409,2,622.67,311.335,509,22,165,0
14116,0,2,628.87,314.435,380,29,28,1
14117,51,1,90.0,90.0,72,3,0,0
14118,336,1,458.45,458.45,97,15,0,0
14119,283,2,183.37,91.685,177,11,342,0
14122,314,3,362.42,120.80666666666667,114,12,331,0
14123,641,1,436.18,436.18,234,24,0,0
14126,352,1,466.33000000000004,466.33000000000004,379,28,0,1
14127,30,6,1900.0800000000002,316.68,828,96,302,0
14128,163,2,592.25,296.125,519,34,295,1
14129,3,7,2193.71,313.38714285714286,1177,40,483,1
14130,227,4,1858.77,464.6925,1215,189,408,0
14131,556,1,168.22,168.22,105,45,0,0
14132,21,5,1552.46,310.492,1420,48,69,1
14133,37,4,911.14,227.785,398,33,603,0
14134,290,15,11123.35,741.5566666666667,5814,130,347,0
14135,13,19,7339.68,386.29894736842107,8048,126,632,1
14136,308,5,1570.81,314.16200000000003,1148,86,331,0
14137,603,1,332.7,332.7,462,11,0,0
14139,398,3,670.98,223.66,539,29,52,1
14141,13,1,285.16,285.16,140,16,0,1
14142,281,2,671.34,335.67,518,42,273,0
14143,41,1,115.8,115.8,30,7,0,0
14144,394,1,30.6,30.6,12,1,0,0
14145,64,6,6709.05,1118.175,1475,11,454,1
14146,162,9,7163.03,795.8922222222222,4154,248,440,1
14147,193,8,2289.6,286.2,927,23,354,1
14148,141,2,466.29,233.145,223,15,180,0
14149,128,1,446.62,446.62,218,28,0,0
14150,267,1,306.18,306.18,262,12,0,1
14151,581,2,679.45,339.725,405,44,43,0
14152,142,6,1690.56,281.76,1502,90,425,1
14153,391,1,233.39999999999998,233.39999999999998,312,17,0,0
14154,147,8,6460.7,807.5875,3222,236,456,0
14155,174,1,118.75,118.75,25,6,0,0
14156,1,143,294916.33,2062.3519580419584,155273,1385,645,1
14157,193,4,822.98,205.745,436,68,360,1
14159,3,16,5963.18,372.69875,4659,626,640,1
14160,518,7,8421.47,1203.067142857143,4661,80,88,0
14161,123,7,2996.93,428.1328571428572,1480,202,510,0
14162,81,2,289.36,144.68,142,25,118,0
14163,60,4,1808.1000000000001,452.02500000000003,646,37,309,1
14165,183,1,120.44,120.44,53,23,0,0
14166,413,2,251.15,125.575,82,39,121,0
14167,73,7,1101.55,157.3642857142857,296,45,516,1
14168,328,2,370.45,185.225,147,11,143,0
14169,338,2,621.51,310.755,205,50,13,0
14170,283,3,570.18,190.05999999999997,270,123,19,0
14171,6,2,498.79,249.395,211,61,632,0
14172,513,3,369.02,123.00666666666666,78,38,37,0
14173,127,3,249.2,83.06666666666666,84,13,511,1
14175,79,7,5662.57,808.9385714285714,2120,166,456,1
14176,205,5,756.46,151.292,265,33,83,0
14177,3,12,1959.69,163.3075,983,141,556,1
14178,6,3,477.29,159.09666666666666,387,87,84,1
14180,14,29,5479.1,188.9344827586207,747,120,441,1
14181,318,2,308.35,154.175,120,48,151,0
14182,351,4,678.77,169.6925,174,42,152,0
14183,319,2,278.34000000000003,139.17000000000002,60,27,69,0
14185,239,1,197.65,197.65,6,3,0,0
14186,335,5,1550.63,310.12600000000003,1550,75,217,0
14187,381,1,123.5,123.5,50,8,0,0
14188,17,4,1383.46,345.865,783,25,200,1
14189,4,12,4116.99,343.0825,3175,150,292,1
14190,574,1,79.9,79.9,2,1,0,0
14191,16,9,2391.16,265.6844444444444,1450,73,620,1
14192,296,1,293.74,293.74,218,14,0,0
14193,177,2,779.34,389.67,458,39,126,1
14194,14,27,12987.52,481.0192592592593,7440,380,596,1
14195,109,6,2615.6,435.93333333333334,2144,10,432,0
14196,14,1,335.52,335.52,142,6,0,0
14197,318,1,390.05,390.05,143,20,0,0
14198,53,7,1225.28,175.04,500,45,558,1
14199,126,4,1091.7,272.92499999999995,254,15,312,0
14200,525,1,379.2,379.2,140,21,0,0
14201,57,8,967.34,120.9175,576,35,439,1
14202,289,3,847.76,282.58666666666664,166,27,243,0
14203,305,1,339.34,339.34,80,16,0,0
14204,330,3,874.22,291.4066666666667,397,158,315,1
14205,172,8,2170.4,271.3,1264,70,378,1
14206,147,3,1185.01,395.00333333333333,930,62,163,0
14207,595,1,157.8,157.8,36,2,0,0
14208,2,2,567.05,283.525,529,34,456,0
14209,29,14,4796.17,342.5835714285714,1705,132,565,1
14210,13,16,5556.570000000001,347.285625,2511,143,597,0
14211,4,15,3291.12,219.408,1926,126,633,1
14212,353,1,1119.66,1119.66,894,12,0,1
14213,312,1,1192.2,1192.2,244,5,0,0
14214,64,3,899.16,299.71999999999997,671,56,121,1
14215,94,7,2558.88,365.55428571428575,1412,128,545,1
14216,322,1,310.74,310.74,118,18,0,1
14217,7,16,2505.11,156.569375,921,103,427,1
14219,317,2,543.89,271.945,285,32,83,1
14220,155,4,1515.0,378.75,468,26,321,0
14221,21,15,5701.7,380.1133333333334,3163,136,499,1
14222,85,1,683.17,683.17,607,41,0,0
14223,0,3,991.13,330.37666666666667,585,50,171,0
14224,18,9,1841.71,204.63444444444445,826,189,433,0
14225,342,4,2031.07,507.7675,1167,70,261,0
14226,118,3,2462.34,820.7800000000001,1493,66,230,1
14227,104,12,5417.27,451.4391666666667,3507,237,473,1
14228,345,3,745.5,248.5,260,38,108,0
14229,199,6,1808.97,301.495,627,37,179,1
14230,343,3,979.8000000000001,326.6,246,27,112,0
14231,91,4,1235.6200000000001,308.905,610,66,267,0
14232,23,4,1573.33,393.33250000000004,1503,71,149,1
14233,119,6,2400.65,400.10833333333335,991,30,432,1
14235,65,8,4375.99,546.9987500000001,2896,104,461,1
14236,280,4,1253.78,313.445,502,29,133,1
14237,281,2,471.14,235.57,238,26,217,0
14238,234,3,434.23,144.74333333333334,189,13,408,0
14239,2,19,3763.21,198.0636842105263,1539,91,640,1
14240,133,2,584.0,292.0,316,26,197,1
14241,91,2,333.7,166.85000000000002,242,12,512,0
14242,142,2,280.55,140.27499999999998,123,13,91,0
14243,3,15,6934.93,462.32866666666666,3441,232,380,1
14244,568,1,366.41999999999996,366.41999999999996,814,16,0,0
14245,127,2,1693.45,846.725,976,107,43,0
14246,18,3,1474.06,491.3533333333333,804,57,135,0
14247,186,5,753.56,150.712,378,82,273,0
14248,226,3,1032.95,344.31666666666666,692,41,197,0
14249,318,12,5400.461,450.0384166666667,2383,178,268,0
14252,289,1,350.99,350.99,111,10,0,0
14253,401,2,363.40000000000003,181.70000000000002,88,11,129,0
14254,340,1,601.03,601.03,263,23,0,0
14255,454,1,1000.63,1000.63,1,1,0,0
14256,168,5,2460.79,492.158,1147,100,434,0
14257,31,8,5580.57,697.57125,2988,163,524,1
14258,59,23,28767.68,1250.7686956521738,15808,94,584,1
14259,49,1,120.0,120.0,68,5,0,0
14260,379,3,824.28,274.76,544,50,77,0
14262,15,3,855.0,285.0,593,42,133,1
14263,331,1,322.93,322.93,171,16,0,0
14264,62,6,1517.3600000000001,252.89333333333335,553,59,456,0
14265,17,4,1373.35,343.3375,715,74,502,0
14266,336,1,40.56,40.56,24,1,0,0
14267,70,3,1516.24,505.41333333333336,530,25,97,0
14268,378,1,354.85,354.85,147,19,0,0
14269,347,1,295.73,295.73,123,16,0,0
14270,239,1,492.65000000000003,492.65000000000003,197,29,0,0
14271,133,2,214.18,107.09,148,38,183,0
14272,162,3,614.94,204.98000000000002,585,38,327,1
14273,44,3,450.05,150.01666666666668,196,18,106,1
14274,594,1,256.6,256.6,178,15,0,0
14275,303,6,1189.3799999999999,198.23,538,14,211,0
14276,6,7,2102.68,300.3828571428571,1406,75,561,0
14277,120,7,14638.64,2091.2342857142858,88685,218,513,1
14278,317,1,205.83,205.83,131,13,0,0
14279,428,2,191.86,95.93,46,3,160,0
14280,104,1,134.04,134.04,52,8,0,0
14281,316,1,245.15,245.15,45,7,0,0
14282,17,19,6016.86,316.6768421052631,4298,91,552,1
14283,371,4,628.44,157.11,550,36,106,0
14284,561,1,704.4,704.4,349,35,0,1
14285,84,5,1380.31,276.062,415,33,554,1
14286,150,5,5901.09,1180.218,6455,218,492,1
14287,106,2,83.28,41.64,216,4,0,1
14288,121,1,426.6,426.6,188,16,0,0
14289,42,5,832.78,166.556,278,33,154,1
14290,269,4,2979.4700000000003,744.8675000000001,905,59,369,1
14291,28,19,6376.39,335.5994736842105,4875,203,610,1
14292,53,11,6944.53,631.320909090909,2591,106,485,1
14293,55,8,2595.86,324.4825,1276,78,582,1
14294,315,1,375.34000000000003,375.34000000000003,190,23,0,0
14295,346,4,2196.71,549.1775,945,61,292,1
14296,329,2,456.4,228.2,314,27,152,0
14297,182,1,232.6,232.6,78,11,0,1
14298,7,75,80849.7,1077.9959999999999,89623,1233,629,1
14299,15,23,12541.77,545.294347826087,6909,148,630,1
14301,25,4,1992.18,498.045,1686,37,549,0
14302,338,3,742.9000000000001,247.63333333333335,298,25,306,0
14303,315,2,277.94,138.97,218,21,27,0
14304,130,3,1725.01,575.0033333333333,775,69,348,0
14305,21,2,1048.45,524.225,582,62,21,1
14306,286,4,1058.0800000000002,264.52000000000004,990,12,298,1
14307,42,8,3600.09,450.01125,2469,174,597,1
14308,457,2,1147.02,573.51,2,1,0,0
14309,1,9,3061.98,340.22,2150,117,457,1
14310,340,1,492.1,492.1,230,22,0,0
14311,150,2,516.45,258.225,235,31,324,0
14312,94,9,2333.29,259.25444444444446,1277,120,317,1
14314,14,2,229.79999999999998,114.9,332,10,324,0
14315,37,7,2266.84,323.8342857142857,1012,68,505,1
14316,330,5,1370.34,274.068,4494,21,208,0
14318,368,1,158.02,158.02,152,9,0,0
14319,332,1,494.85,494.85,329,26,0,0
14320,114,5,1346.75,269.35,713,68,480,0
14321,24,5,1587.96,317.592,2385,129,356,1
14322,337,4,474.1,118.525,158,10,230,0
14323,22,2,605.0600000000001,302.53,350,32,123,0
14324,317,2,701.61,350.805,402,41,283,0
14325,477,1,245.48000000000002,245.48000000000002,320,18,0,0
14326,150,3,940.98,313.66,572,54,290,0
14327,71,6,1894.93,315.82166666666666,1296,99,536,0
14328,346,1,445.05,445.05,1,1,0,0
14329,16,12,8397.41,699.7841666666667,5010,309,614,1
14330,531,1,200.63,200.63,103,13,0,0
14331,32,2,462.66,231.33,252,27,10,0
14332,55,3,1196.24,398.74666666666667,460,33,268,1
14334,1,11,4094.98,372.2709090909091,2852,146,475,1
14335,4,1,347.5,347.5,337,40,0,1
14336,106,3,1114.39,371.46333333333337,989,53,77,1
14338,69,3,928.1,309.3666666666667,622,43,375,0
14339,150,2,620.27,310.135,456,21,186,0
14340,126,1,134.7,134.7,58,6,0,0
14341,38,16,3424.56,214.035,2125,137,608,1
14342,45,4,669.62,167.405,350,20,335,1
14343,329,4,1079.66,269.915,626,193,268,0
14344,35,20,2993.05,149.6525,1546,140,498,0
14346,28,5,2315.75,463.15,1878,123,376,0
14347,644,1,82.60000000000001,82.60000000000001,48,6,0,0
14348,168,1,409.57,409.57,183,18,0,0
14350,182,3,972.03,324.01,543,55,155,0
14351,72,1,51.0,51.0,12,1,0,0
14352,65,4,1078.96,269.74,538,44,116,0
14353,123,3,376.5,125.5,344,18,216,0
14355,273,3,840.0500000000001,280.01666666666665,617,57,261,0
14358,297,2,400.06,200.02999999999997,338,21,38,0
14360,2,1,1124.49,1124.49,733,71,0,1
14361,486,1,214.71,214.71,251,14,0,0
14363,310,2,227.47000000000003,113.735,105,8,49,0
14364,16,8,3717.35,464.66875,1967,61,102,0
14365,302,2,634.68,317.34000000000003,557,50,287,0
14366,433,1,136.0,136.0,16,1,0,0
14367,45,10,5419.7,541.97,2562,209,138,1
14368,227,1,155.0,155.0,36,8,0,0
14369,550,2,469.13,234.565,255,24,19,0
14370,358,6,1175.78,195.96333333333334,266,37,226,0
14371,203,1,100.5,100.5,34,4,0,0
14372,351,2,860.08,430.04,378,36,156,0
14373,266,1,76.55,76.55,17,4,0,0
14374,449,1,108.0,108.0,20,7,0,0
14375,93,3,1106.82,368.94,647,176,355,0
14376,591,1,215.46,215.46,50,17,0,0
14377,99,2,617.05,308.525,219,11,70,0
14378,529,1,131.25,131.25,57,9,0,0
14379,203,3,1028.04,342.68,548,75,184,1
14380,590,1,48.96,48.96,1,1,0,0
14381,359,1,423.26,423.26,303,56,0,1
14382,298,1,578.14,578.14,436,137,0,1
14383,71,1,242.09,242.09,201,15,0,1
14384,408,1,58.5,58.5,30,3,0,0
14386,204,1,142.4,142.4,54,7,0,0
14387,17,1,440.76,440.76,209,40,0,1
14388,29,13,5010.47,385.4207692307692,3428,148,567,1
14389,98,4,1165.69,291.4225,848,40,399,1
14390,52,8,3098.17,387.27125,1436,166,280,1
14391,484,1,135.6,135.6,168,14,0,0
14392,340,1,266.4,266.4,114,14,0,0
14393,126,1,67.95,67.95,13,5,0,0
14394,472,1,93.8,93.8,58,6,0,0
14395,85,17,6274.34,369.07882352941175,3153,261,422,1
14396,279,6,1591.74,265.29,773,167,366,1
14397,1,10,1036.1200000000001,103.612,764,16,119,1
14398,309,2,707.79,353.895,267,50,126,0
14399,302,8,2108.21,263.52625,965,119,280,0
14400,57,3,1732.47,577.49,1706,71,482,0
14401,3,19,5823.8,306.5157894736842,5443,137,629,1
14402,560,1,285.6,285.6,240,8,0,0
14403,38,6,1880.51,313.41833333333335,737,20,508,0
14404,16,12,2597.33,216.44416666666666,1519,118,610,1
14405,294,1,195.0,195.0,100,2,0,0
14406,27,1,156.75,156.75,77,8,0,0
14407,15,6,2157.73,359.62166666666667,1415,67,169,0
14408,2,10,3794.05,379.40500000000003,2276,62,637,1
14409,30,8,3311.57,413.94625,2163,72,444,1
14410,0,11,2631.9,239.26363636363638,1369,307,344,0
14411,218,1,1063.0,1063.0,196,14,0,0
14412,332,1,656.16,656.16,642,41,0,1
14413,270,4,764.52,191.13,277,93,326,0
14414,7,7,2213.49,316.2128571428571,2485,95,275,1
14415,6,19,9890.65,520.5605263157895,5065,377,625,1
14417,295,1,524.65,524.65,543,106,0,0
14418,16,1,150.44,150.44,148,17,0,1
14419,160,3,509.99,169.99666666666667,230,53,130,1
14420,7,4,1639.17,409.7925,1120,85,592,0
14421,119,5,2111.44,422.288,1171,67,479,1
14422,78,15,7040.03,469.3353333333334,3702,227,552,1
14423,126,3,916.61,305.5366666666667,419,12,476,0
14425,342,3,661.39,220.46333333333334,325,35,302,0
14426,48,13,10131.85,779.373076923077,5927,426,504,1
14427,402,2,900.1800000000001,450.09000000000003,310,27,137,1
14428,147,2,330.62,165.31,145,25,85,1
14429,311,1,516.28,516.28,286,22,0,0
14430,419,3,1220.9,406.9666666666667,446,29,95,0
14431,210,4,2614.2,653.55,1202,72,384,0
14433,373,1,280.7,280.7,131,72,0,0
14435,409,1,90.42,90.42,282,3,0,0
14436,6,2,271.7,135.85,297,11,454,0
14437,273,5,873.34,174.668,420,34,217,0
14438,214,1,131.9,131.9,82,9,0,0
14439,227,5,9443.04,1888.6079999999997,2244,105,367,0
14440,224,10,4810.06,481.00600000000003,1358,55,420,1
14441,2,9,3596.2,399.5777777777778,1026,83,595,1
14442,112,7,5367.02,766.7171428571429,1431,128,485,0
14443,46,4,1654.29,413.5725,1085,93,240,1
14444,364,1,120.44,120.44,172,11,0,0
14445,363,1,221.65,221.65,83,32,0,0
14446,154,2,492.96999999999997,246.485,493,113,140,1
14447,104,3,1149.53,383.1766666666667,655,63,204,1
14448,272,1,102.35000000000001,102.35000000000001,44,18,0,1
14449,154,6,1745.07,290.845,1196,211,189,1
14450,88,7,1128.44,161.2057142857143,522,47,429,0
14451,102,11,2974.78,270.43454545454546,1563,218,497,1
14452,1,3,527.27,175.75666666666666,215,86,427,1
14453,98,1,119.93,119.93,49,22,0,0
14454,284,5,977.3000000000001,195.45999999999998,400,93,357,0
14455,340,4,617.72,154.43,706,65,63,0
14456,39,3,636.65,212.21666666666667,576,220,11,1
14457,218,1,113.64,113.64,88,4,0,0
14458,288,1,228.07,228.07,317,46,0,0
14459,63,2,5375.741,2687.8705,2303,113,496,0
14460,18,9,1093.5,121.5,1879,33,613,0
14461,56,13,6676.91,513.6084615384615,3005,515,542,0
14462,28,10,1772.89,177.28900000000002,785,160,311,1
14463,6,4,786.5699999999999,196.64249999999998,210,7,401,0
14464,476,2,111.0,55.5,62,4,59,0
14465,154,11,3925.85,356.8954545454545,2539,128,454,0
14466,23,11,3575.2,325.0181818181818,2098,76,610,1
14467,220,9,1738.68,193.18666666666667,948,120,424,1
14468,641,1,204.24,204.24,164,12,0,0
14469,324,4,2093.46,523.365,973,120,263,0
14470,195,2,548.49,274.245,227,48,142,1
14471,499,2,400.95,200.475,187,38,141,0
14472,11,9,2118.72,235.41333333333336,1271,173,585,0
14473,190,1,85.0,85.0,10,1,0,1
14474,487,1,711.23,711.23,308,97,0,1
14475,94,3,847.47,282.49,337,28,222,1
14476,165,1,193.0,193.0,110,17,0,0
14477,92,5,1183.0,236.6,700,5,519,1
14478,290,4,1276.66,319.16499999999996,1226,59,356,0
14479,161,4,1124.71,281.1775,562,127,479,0
14480,310,3,1020.47,340.1566666666667,527,43,315,1
14481,72,5,2284.69,456.938,1568,114,512,0
14482,7,8,2749.86,343.7325,1476,101,371,1
14483,189,2,257.1,128.55,193,13,455,0
14484,309,3,749.0600000000001,249.68666666666664,534,37,321,1
14486,419,2,175.5,87.75,90,4,41,0
14487,276,2,225.89000000000001,112.94500000000001,86,32,10,1
14489,115,4,1574.93,393.7325,1011,65,405,0
14490,314,2,1273.47,636.735,933,72,22,0
14491,83,2,340.93,170.465,139,17,197,0
14492,338,7,1921.91,274.55857142857144,751,70,188,0
14493,63,6,3315.84,552.64,2190,228,486,1
14494,309,2,261.9,130.95,118,10,329,1
14495,29,2,91.6,45.8,28,3,538,1
14496,219,7,2363.89,337.6985714285714,905,64,321,0
14497,217,2,697.0600000000001,348.53,332,40,364,0
14498,24,9,3225.3,358.3666666666667,1711,231,433,1
14499,41,6,1661.16,276.86,923,141,335,1
14500,20,2,335.85,167.925,107,5,77,1
14501,91,2,251.21,125.605,161,9,136,0
14502,57,7,1163.22,166.17428571428573,532,201,163,1
14503,86,1,597.07,597.07,381,40,0,1
14504,151,3,542.71,180.90333333333334,263,81,35,1
14505,17,17,10242.39,602.4935294117647,4508,777,620,1
14506,70,5,1818.56,363.712,483,143,437,1
14507,9,9,2773.55,308.1722222222222,1375,180,627,1
14508,284,3,554.87,184.95666666666668,218,100,164,1
14509,442,1,110.95,110.95,38,25,0,0
14510,283,3,979.85,326.6166666666667,793,67,60,0
14511,0,2,329.89,164.945,145,16,41,1
14512,95,7,1215.97,173.71,736,55,544,0
14513,8,6,788.01,131.335,593,15,467,0
14514,109,8,3792.95,474.11875000000003,1971,197,525,1
14515,99,8,2412.82,301.6025,1154,72,359,1
14516,424,1,151.17,151.17,63,35,0,0
14517,49,1,252.45,252.45,73,14,0,1
14519,591,2,203.14,101.57,81,38,45,0
14520,198,1,165.0,165.0,100,1,0,0
14521,399,1,199.45000000000002,199.45000000000002,211,17,0,0
14522,0,6,1534.58,255.76333333333332,850,34,592,1
14523,16,1,241.09,241.09,251,12,0,0
14524,86,9,2094.9,232.76666666666668,916,211,238,1
14525,8,15,6630.93,442.062,4189,289,626,1
14526,297,1,258.65,258.65,178,41,0,0
14527,6,107,24021.170000000002,224.49691588785046,5902,562,639,1
14529,18,1,135.24,135.24,84,49,0,1
14530,1,15,5709.08,380.6053333333333,2645,250,594,1
14531,387,1,376.34,376.34,260,29,0,0
14532,144,11,3845.78,349.61636363636364,1111,209,462,0
14533,20,6,2251.63,375.2716666666667,2931,44,497,1
14534,3,22,4821.75,219.17045454545453,2277,385,538,1
14535,35,8,4771.2,596.4,2356,495,526,1
14536,167,1,170.95,170.95,39,18,0,0
14537,531,1,285.84,285.84,108,13,0,1
14538,164,4,1089.0900000000001,272.27250000000004,159,30,426,1
14540,217,9,2952.88,328.09777777777776,1306,149,423,1
14541,76,13,2345.38,180.41384615384615,1079,99,532,1
14542,93,1,103.25,103.25,19,5,0,0
14543,16,36,14222.64,395.0733333333333,2559,100,629,1
14544,269,2,2036.0,1018.0,1712,111,108,1
14545,582,1,349.25,349.25,236,23,0,0
14546,109,8,3485.79,435.72375,1876,314,531,1
14548,58,9,2541.29,282.36555555555555,986,66,582,0
14549,219,4,913.6,228.4,394,117,425,0
14550,296,2,587.69,293.845,382,46,95,1
14551,112,6,817.29,136.215,446,68,477,1
14552,59,3,507.93,169.31,258,124,440,0
14553,126,6,1271.65,211.9416666666667,807,169,290,1
14555,210,5,2177.83,435.566,810,93,419,1
14556,504,3,815.69,271.8966666666667,323,158,92,0
14558,562,3,655.5,218.5,162,13,77,0
14559,298,1,75.6,75.6,72,2,0,0
14560,2,37,5441.46,147.0664864864865,3945,51,643,1
14561,70,2,566.99,283.495,375,35,22,1
14562,0,15,3940.76,262.71733333333333,1752,194,578,1
14563,417,2,640.54,320.27,279,95,82,0
14564,342,2,2605.62,1302.81,1295,107,300,0
14565,3,5,3859.2200000000003,771.844,1940,139,377,0
14566,18,4,4092.0,1023.0,2400,9,423,0
14567,38,1,800.76,800.76,172,13,0,1
14568,343,1,919.7,919.7,645,47,0,0
14569,360,3,369.94,123.31333333333335,178,21,150,0
14570,188,3,613.75,204.58333333333334,431,64,162,0
14571,333,1,160.0,160.0,56,30,0,0
14572,18,9,4785.58,531.7311111111111,2641,304,510,1
14573,87,13,2163.12,166.39384615384614,683,183,520,0
14574,640,1,143.70000000000002,143.70000000000002,63,11,0,0
14575,396,1,420.22,420.22,163,71,0,0
14576,280,1,35.400000000000006,35.400000000000006,12,1,0,0
14577,71,6,1151.08,191.84666666666666,496,95,564,1
14579,340,1,105.56,105.56,56,24,0,0
14580,426,1,14.85,14.85,3,1,0,0
14581,452,1,271.05,271.05,87,43,0,1
14583,52,7,1415.05,202.15,872,292,476,1
14584,77,8,1738.16,217.27,960,127,491,0
14585,290,4,986.22,246.555,539,64,34,1
14586,184,1,237.35999999999999,237.35999999999999,444,19,0,0
14587,92,8,1452.68,181.585,716,166,147,1
14588,486,1,135.39,135.39,62,16,0,0
14589,279,1,39.75,39.75,5,3,0,0
14590,332,20,2993.37,149.6685,901,124,307,0
14591,121,1,204.02,204.02,91,33,0,1
14593,106,11,3387.97,307.99727272727273,1636,369,531,1
14594,281,1,255.0,255.0,146,31,0,1
14595,221,3,587.65,195.88333333333333,326,30,374,1
14596,534,1,222.22,222.22,75,50,0,0
14597,99,5,1483.49,296.698,988,44,245,1
14598,477,1,162.07,162.07,165,40,0,1
14599,298,2,457.89,228.945,292,77,118,0
14600,213,2,865.17,432.58500000000004,487,53,87,0
14602,564,1,205.35999999999999,205.35999999999999,80,31,0,0
14603,182,1,660.0,660.0,400,2,0,0
14604,541,1,143.85999999999999,143.85999999999999,88,20,0,0
14605,282,4,921.5600000000001,230.39000000000001,416,88,357,0
14606,1,170,27384.13,161.08311764705883,13881,1221,643,1
14607,169,9,8048.63,894.2922222222222,4109,76,463,1
14608,270,8,1771.79,221.47375,538,10,371,1
14609,51,9,1371.0,152.33333333333334,12000,6,525,1
14610,303,2,24.35,12.175,15,10,118,0
14611,351,2,604.33,302.16499999999996,582,37,154,0
14612,323,1,877.7,877.7,134,14,0,0
14613,588,1,76.32000000000001,76.32000000000001,72,1,0,0
14614,294,1,295.13,295.13,189,19,0,0
14615,302,5,951.76,190.352,495,40,153,0
14616,150,5,527.78,105.556,170,3,306,0
14617,310,2,190.47,95.235,81,7,13,0
14618,245,5,1000.6800000000001,200.13600000000002,532,35,209,1
14619,153,2,1291.24,645.62,594,58,295,0
14620,113,2,412.78000000000003,206.39,214,26,78,0
14621,64,7,2215.12,316.44571428571425,1123,100,527,1
14622,92,1,320.58000000000004,320.58000000000004,146,21,0,0
14623,24,8,1736.44,217.055,872,175,485,1
14624,323,4,588.22,147.055,483,30,189,1
14625,104,11,4497.88,408.89818181818185,2155,167,527,0
14626,30,9,4190.94,465.65999999999997,2611,139,606,1
14627,287,1,462.75,462.75,284,29,0,0
14628,150,4,1657.6200000000001,414.405,981,60,441,1
14630,392,1,338.65,338.65,111,21,0,0
14631,143,5,1648.79,329.758,1137,55,252,1
14632,170,1,114.56,114.56,96,8,0,0
14633,174,1,344.90000000000003,344.90000000000003,96,20,0,0
14634,345,4,2124.46,531.115,1906,105,104,0
14635,361,1,215.22,215.22,118,15,0,0
14636,176,1,300.19,300.19,117,16,0,1
14637,585,1,106.68,106.68,100,7,0,0
14639,28,7,3983.7000000000003,569.1,1768,166,541,1
14640,35,8,3025.34,378.1675,1337,142,558,1
14643,78,5,1679.89,335.978,1377,57,558,0
14644,206,6,1604.46,267.41,578,37,437,1
14645,64,3,876.89,292.2966666666667,587,45,477,0
14646,0,120,426699.12,3555.826,298022,805,644,1
14647,109,2,506.04,253.02,175,42,322,0
14648,324,15,4466.65,297.77666666666664,3265,286,312,0
14649,120,7,2830.72,404.3885714285714,1760,301,476,1
14650,497,1,62.5,62.5,22,4,0,0
14651,119,8,1787.24,223.405,722,185,420,1
14653,246,6,2011.22,335.2033333333333,1329,150,399,1
14654,646,1,246.86,246.86,273,27,0,0
14655,130,4,2756.84,689.21,1774,55,374,1
14656,77,5,790.0,158.0,309,148,434,0
14657,63,5,1240.91,248.18199999999996,752,132,279,1
14658,25,1,123.14,123.14,23,14,0,1
14659,53,6,1641.55,273.59166666666664,767,107,169,1
14660,8,1,128.95,128.95,104,14,0,1
14662,142,6,1147.34,191.22333333333333,651,139,501,1
14663,338,2,490.6,245.3,397,60,0,0
14665,204,5,1645.6100000000001,329.122,672,78,295,1
14667,2,47,17231.76,366.63319148936176,10000,509,642,1
14668,353,1,111.63,111.63,49,10,0,0
14669,149,7,3216.78,459.53999999999996,2043,334,495,0
14670,188,3,583.33,194.4433333333333,423,159,452,0
14671,457,2,1127.45,563.725,571,48,18,0
14672,142,4,1113.14,278.28499999999997,646,93,445,0
14673,275,3,1674.41,558.1366666666667,1031,65,42,1
14674,417,1,173.66,173.66,103,14,0,0
14675,296,1,419.21999999999997,419.21999999999997,324,114,0,1
14676,55,10,7499.47,749.9469999999999,8116,68,492,1
14677,500,1,184.91,184.91,139,14,0,0
14678,487,1,403.39,403.39,179,24,0,0
14679,289,3,1289.44,429.81333333333333,794,49,349,0
14680,3,56,52356.95,934.9455357142857,25534,220,640,1
14681,119,4,770.1500000000001,192.53750000000002,144,18,442,1
14682,95,6,1514.81,252.46833333333333,949,79,484,0
14683,496,1,146.56,146.56,386,21,0,0
14684,123,3,721.96,240.65333333333334,454,195,174,1
14685,484,8,4536.64,567.08,1969,109,150,0
14686,322,5,852.53,170.50600000000003,457,185,245,0
14687,14,3,1402.06,467.3533333333333,850,34,445,0
14688,0,23,5797.77,252.07695652173916,4410,162,363,1
14689,116,1,112.80000000000001,112.80000000000001,76,13,0,0
14690,59,3,635.19,211.73000000000002,258,65,258,1
14691,4,2,1274.68,637.34,464,37,116,1
14692,45,12,1715.14,142.92833333333334,890,101,480,0
14693,172,7,1165.3600000000001,166.48000000000002,388,43,261,0
14694,525,1,244.31,244.31,193,15,0,0
14695,427,3,1534.22,511.4066666666666,661,76,213,0
14696,27,6,1852.8700000000001,308.81166666666667,1323,105,302,1
14697,126,2,188.61,94.305,181,22,0,0
14699,122,4,702.6,175.65,484,45,311,0
14700,97,4,2422.06,605.515,1140,88,295,1
14701,80,13,3902.4500000000003,300.1884615384616,1489,377,511,1
14702,24,21,4768.24,227.05904761904762,2075,260,612,1
14704,50,4,466.46,116.615,222,102,481,1
14705,106,1,179.0,179.0,100,1,0,0
14706,526,1,367.54,367.54,246,25,0,0
14707,343,2,139.2,69.6,96,1,141,0
14708,62,4,1368.03,342.0075,948,14,301,1
14709,1,21,7918.03,377.0490476190476,3661,99,640,1
14710,287,9,1300.31,144.4788888888889,760,203,356,1
14711,17,8,2056.73,257.09125,705,146,153,1
14712,20,2,526.72,263.36,198,14,305,1
14713,7,19,4483.17,235.95631578947368,2952,208,636,1
14714,315,3,746.05,248.6833333333333,413,59,280,1
14715,2,7,1552.82,221.8314285714286,806,87,594,1
14716,56,2,417.49,208.745,467,61,296,1
14717,641,1,81.3,81.3,32,11,0,0
14718,318,1,226.42,226.42,202,11,0,0
14719,87,2,488.12,244.06,398,70,69,1
14720,34,1,155.8,155.8,40,9,0,1
14721,287,1,109.07,109.07,57,24,0,0
14722,55,3,489.52,163.17333333333332,214,72,339,0
14723,266,8,1136.35,142.04375,694,180,377,1
14724,498,1,341.9,341.9,184,40,0,0
14725,302,3,597.16,199.05333333333337,747,41,140,1
14726,562,1,116.5,116.5,82,15,0,0
14727,182,3,463.73,154.57666666666668,458,43,272,0
14728,321,1,190.58,190.58,68,14,0,0
14729,281,3,586.24,195.41333333333333,372,126,251,0
14730,15,5,872.13,174.426,509,142,169,1
14731,113,2,251.01999999999998,125.50999999999999,182,23,6,1
14732,51,16,4432.88,277.055,1828,132,586,1
14733,18,14,13793.44,985.2457142857144,5680,137,291,1
14734,333,4,1056.42,264.105,378,48,125,0
14735,7,47,9770.18,207.87617021276597,3614,168,636,1
14736,393,2,374.05,187.02499999999998,148,70,0,0
14737,36,3,3471.37,1157.1233333333332,1029,28,271,1
14738,41,7,1265.1000000000001,180.72857142857143,507,47,599,1
14739,2,22,9918.92,450.86,8554,123,643,1
14740,105,11,4161.06,378.27818181818185,2081,173,455,0
14741,21,5,1177.71,235.542,723,38,304,1
14742,343,1,579.85,579.85,374,34,0,0
14743,500,1,50.480000000000004,50.480000000000004,40,3,0,0
14744,205,12,3488.13,290.6775,2291,53,272,1
14745,20,12,2551.41,212.61749999999998,1969,74,524,0
14746,314,4,593.5,148.375,398,7,17,0
14747,157,1,328.2,328.2,84,18,0,0
14748,31,9,2384.92,264.99111111111114,2260,118,521,1
14749,387,1,310.15,310.15,403,18,0,0
14750,644,1,112.03,112.03,65,32,0,0
14751,592,2,126.45,63.225,65,7,41,0
14753,368,1,306.36,306.36,201,18,0,1
14754,203,5,1138.15,227.63000000000002,697,90,395,1
14755,20,21,7829.95,372.8547619047619,3423,202,623,1
14756,290,2,1914.8,957.4000000000001,1007,68,41,1
14758,52,7,2864.9700000000003,409.28142857142853,840,91,465,0
14759,20,2,870.85,435.425,247,47,119,1
14760,205,1,89.2,89.2,40,5,0,0
14761,242,2,289.52000000000004,144.76,146,20,109,1
14762,171,2,417.57,208.785,428,28,362,0
14765,20,2,95.5,47.75,22,8,63,1
14766,76,9,5433.68,603.7422222222223,3634,226,383,1
14767,382,1,382.81,382.81,117,18,0,0
14768,35,1,133.20000000000002,133.20000000000002,40,4,0,1
14769,16,15,11381.97,758.798,8148,625,615,1
14770,140,8,3637.6400000000003,454.70500000000004,1598,152,419,0
14771,529,2,594.62,297.31,622,46,115,0
14772,20,1,139.26,139.26,82,9,0,0
14773,500,1,140.55,140.55,53,10,0,0
14774,436,1,241.45000000000002,241.45000000000002,99,13,0,0
14775,45,2,701.46,350.73,802,39,234,1
14776,13,12,3032.22,252.68499999999997,3754,68,341,1
14777,311,1,307.56,307.56,212,16,0,0
14778,35,2,730.86,365.43,306,34,181,0
14779,188,3,386.15,128.71666666666667,84,40,43,0
14782,227,1,200.10000000000002,200.10000000000002,114,6,0,0
14783,567,1,307.3,307.3,262,17,0,0
14784,231,2,274.62,137.31,182,14,65,1
14786,458,1,90.96,90.96,112,7,0,0
14787,379,1,110.65,110.65,59,14,0,0
14788,504,1,476.88,476.88,298,28,0,1
14790,27,8,2145.6,268.2,2327,62,608,1
14791,514,1,303.63,303.63,127,19,0,0
14793,443,1,396.91,396.91,270,25,0,1
14794,111,7,1313.53,187.64714285714285,421,57,283,1
14795,74,1,131.45000000000002,131.45000000000002,17,6,0,0
14796,2,24,8775.02,365.62583333333333,6043,428,630,1
14797,415,1,300.31,300.31,99,16,0,0
14798,52,7,647.97,92.56714285714285,555,26,504,1
14799,645,1,180.45000000000002,180.45000000000002,349,10,0,1
14800,17,14,6692.03,478.0021428571428,6011,302,325,1
14802,346,2,1502.98,751.49,2,1,0,0
14803,70,3,845.5500000000001,281.84999999999997,370,35,130,0
14805,221,4,645.4,161.35,331,82,307,1
14806,347,1,110.04,110.04,93,9,0,1
14807,298,2,504.14,252.07,234,37,259,0
14808,52,6,1833.82,305.6366666666667,1241,146,28,1
14809,529,2,686.76,343.38,232,18,0,0
14810,11,12,2135.48,177.95666666666668,1059,116,325,1
14811,295,1,170.5,170.5,74,28,0,0
14812,506,1,178.85,178.85,135,36,0,0
14813,277,4,888.91,222.2275,392,110,241,0
14814,489,1,154.21,154.21,93,28,0,0
14816,105,1,271.85,271.85,5,4,0,0
14817,108,7,3959.86,565.6942857142857,2462,142,427,0
14818,77,5,905.39,181.07800000000003,421,70,478,1
14819,100,3,269.06,89.68666666666667,109,43,525,1
14820,81,6,907.24,151.20666666666668,558,38,504,1
14821,274,7,1230.15,175.7357142857143,459,65,309,0
14822,393,1,157.7,157.7,94,9,0,0
14823,88,3,321.43,107.14333333333333,88,56,14,0
14824,287,6,2895.2000000000003,482.5333333333333,1429,76,257,1
14825,35,19,3847.54,202.5021052631579,2325,178,484,1
14826,489,2,385.2,192.60000000000002,152,10,113,0
14828,104,13,9839.460000000001,756.8815384615384,9718,72,535,0
14829,92,6,1289.95,214.99166666666667,869,72,252,1
14831,588,3,1676.57,558.8566666666667,885,67,57,0
14832,538,1,322.69,322.69,1,1,0,0
14833,406,1,94.8,94.8,58,7,0,0
14834,28,3,915.16,305.05333333333334,318,34,286,1
14835,436,2,297.0,148.5,180,1,88,0
14837,13,8,3156.38,394.5475,2820,159,579,1
14838,331,2,769.9200000000001,384.96000000000004,361,69,313,0
14839,326,3,915.28,305.0933333333333,927,61,285,0
14840,175,2,362.71000000000004,181.35500000000002,179,20,271,0
14841,87,12,6242.81,520.2341666666667,3621,182,557,1
14842,3,3,1901.52,633.84,711,86,212,1
14843,344,1,211.8,211.8,132,9,0,0
14844,31,9,5770.3,641.1444444444445,3837,140,483,1
14845,507,1,150.0,150.0,600,1,0,0
14846,335,1,437.4,437.4,193,12,0,0
14847,56,3,1348.95,449.65000000000003,533,56,415,0
14848,312,1,310.56,310.56,260,11,0,0
14849,3,35,13261.6,378.90285714285716,10232,267,603,1
14850,219,7,1770.96,252.99428571428572,1393,129,256,0
14851,164,2,524.19,262.095,445,24,374,1
14852,4,17,5484.16,322.5976470588235,4009,126,547,1
14853,119,4,1115.57,278.89250000000004,297,21,394,1
14854,41,10,3844.86,384.486,2596,158,553,1
14855,27,7,6520.3,931.4714285714286,3510,168,491,0
14857,56,6,3001.251,500.2085,1805,149,486,1
14858,413,1,180.75,180.75,105,11,0,0
14859,112,2,648.76,324.38,426,17,350,1
14861,288,9,1254.94,139.4377777777778,959,58,350,1
14862,56,1,304.1,304.1,430,21,0,1
14865,280,3,77.52,25.840000000000003,192,3,366,1
14866,13,11,7520.54,683.6854545454545,2889,36,364,1
14867,93,16,2952.06,184.50375,996,67,548,0
14868,28,8,2527.4900000000002,315.93625,1514,105,300,1
14869,11,5,2443.75,488.75,1935,171,620,1
14870,169,6,1838.95,306.4916666666667,483,43,422,0
14871,86,8,1062.19,132.77375,376,101,560,1
14872,391,3,816.6,272.2,662,34,149,0
14873,118,2,854.13,427.06499999999994,311,48,423,0
14874,443,1,116.18,116.18,148,6,0,0
14875,15,3,2862.4,954.1333333333332,1332,88,334,0
14876,429,2,256.7,128.35,162,12,40,0
14877,326,2,425.85,212.925,168,57,224,0
14878,81,22,3683.43,167.42863636363634,2244,150,483,1
14879,592,1,185.06,185.06,104,27,0,0
14880,93,2,347.67,173.83499999999998,237,25,103,1
14882,298,12,2956.95,246.41250000000002,1456,31,228,1
14883,71,2,358.48,179.24,322,25,47,1
14884,577,1,120.6,120.6,72,8,0,0
14885,39,3,1598.12,532.7066666666666,1308,24,334,0
14886,160,1,364.8,364.8,160,18,0,0
14888,115,1,369.2,369.2,184,20,0,0
14889,244,1,135.9,135.9,90,10,0,0
14890,161,3,817.25,272.4166666666667,636,55,406,0
14891,56,4,1106.73,276.6825,788,55,288,0
14892,598,1,202.35000000000002,202.35000000000002,79,13,0,0
14893,525,1,571.76,571.76,248,33,0,1
14894,351,2,837.0600000000001,418.53000000000003,338,23,294,1
14895,18,28,20062.54,716.5192857142857,8289,363,619,1
14896,112,8,1826.0,228.25,931,150,528,0
14897,204,5,1949.66,389.93199999999996,816,65,427,1
14898,42,13,3087.82,237.52461538461537,2058,163,601,1
14899,303,1,1331.38,1331.38,570,126,0,0
14900,430,1,13.919999999999998,13.919999999999998,48,1,0,0
14901,9,8,1319.83,164.97875,628,80,397,1
14902,303,2,702.96,351.48,498,34,157,1
14903,32,4,2398.62,599.655,1330,195,154,1
14904,316,2,605.05,302.525,537,62,19,1
14905,65,8,1971.39,246.42375,1009,45,578,0
14906,353,1,68.44,68.44,1,1,0,0
14907,7,14,4654.8,332.4857142857143,2199,142,503,1
14908,371,1,104.10000000000001,104.10000000000001,50,5,0,1
14909,345,3,1404.68,468.22666666666663,888,61,226,0
14911,1,309,229613.43,743.0855339805825,111191,2182,645,1
14912,154,5,1504.19,300.838,1293,37,435,1
14913,91,7,3762.85,537.5500000000001,3574,161,302,1
14915,185,10,1646.05,164.605,671,63,458,1
14916,1,7,2741.73,391.67571428571426,2109,97,523,1
14917,504,2,1123.75,561.875,891,29,0,0
14918,23,9,5955.81,661.7566666666667,2551,79,495,0
14919,447,1,359.35,359.35,129,13,0,0
14920,120,3,1607.17,535.7233333333334,886,90,352,0
14921,109,1,903.01,903.01,631,53,0,1
14922,301,2,843.74,421.87,376,49,114,0
14924,153,3,931.01,310.33666666666664,312,30,393,0
14926,289,2,359.4,179.7,204,2,216,0
14927,304,1,308.2,308.2,196,20,0,0
14928,535,1,223.91000000000003,223.91000000000003,268,21,0,0
14929,329,1,612.8100000000001,612.8100000000001,351,23,0,1
14930,16,6,5236.7300000000005,872.7883333333334,2193,213,497,0
14931,114,2,586.0,293.0,98,10,34,1
14932,273,2,666.13,333.065,257,29,20,0
14933,351,4,1770.0,442.5,600,1,0,0
14934,190,4,2441.4,610.35,1517,89,158,1
14935,205,2,2849.83,1424.915,1931,25,322,0
14936,16,7,9346.67,1335.2385714285715,4541,195,475,1
14937,38,1,759.56,759.56,172,13,0,1
14938,470,2,2322.43,1161.215,1369,71,0,0
14940,325,2,531.49,265.745,384,32,315,0
14941,486,1,182.1,182.1,80,7,0,0
14942,309,4,746.56,186.64,354,12,328,0
14943,571,1,107.62,107.62,46,5,0,0
14944,2,14,7048.610000000001,503.4721428571429,3748,161,566,1
14945,321,1,179.4,179.4,156,11,0,0
14947,38,5,937.47,187.494,355,43,493,1
14948,6,4,639.23,159.8075,453,39,120,1
14949,377,4,515.0,128.75,250,16,252,0
14952,114,28,13064.47,466.58821428571434,5409,209,529,1
14953,326,3,685.65,228.54999999999998,790,153,17,1
14954,611,1,167.27,167.27,92,41,0,1
14955,640,1,163.77,163.77,74,30,0,0
14956,329,1,1325.0,1325.0,2500,4,0,0
14957,161,2,261.69,130.845,97,27,391,0
14958,55,6,941.99,156.99833333333333,248,52,588,0
14959,17,3,537.32,179.10666666666668,400,33,186,1
14960,79,1,88.3,88.3,20,2,0,1
14961,62,19,13272.45,698.5500000000001,6816,286,581,1
14962,178,4,366.91,91.7275,123,14,313,0
14963,91,8,1945.43,243.17875,1295,215,341,1
14964,155,1,206.21,206.21,143,13,0,0
14965,4,2,596.09,298.04499999999996,363,80,0,0
14966,295,5,881.24,176.248,881,93,336,1
14967,349,5,1518.81,303.762,512,19,294,1
14968,366,1,353.65,353.65,130,47,0,1
14969,611,1,906.23,906.23,665,13,0,0
14970,45,11,4447.04,404.2763636363636,897,57,526,1
14972,36,2,145.07,72.535,40,20,252,0
14973,15,3,1314.45,438.15000000000003,369,29,118,0
14975,329,1,192.45,192.45,127,15,0,1
14976,9,4,559.96,139.99,162,38,225,1
14977,633,1,31.93,31.93,17,4,0,0
14978,143,9,2718.05,302.0055555555556,628,159,355,1
14979,643,1,429.66,429.66,209,42,0,0
14980,645,1,150.68,150.68,79,24,0,0
14981,154,2,372.92,186.46,241,20,177,0
14982,480,1,237.78,237.78,125,39,0,0
14983,597,1,183.20000000000002,183.20000000000002,90,30,0,0
14984,88,5,1160.37,232.07399999999998,310,27,516,1
14985,106,2,292.01,146.005,256,78,159,0
14986,284,2,563.1,281.55,338,87,307,0
14987,273,7,1387.4499999999998,198.20714285714283,543,4,371,1
14988,119,7,2038.65,291.2357142857143,1260,171,390,0
14989,569,1,342.4,342.4,200,18,0,0
14990,520,2,304.17,152.085,129,41,118,0
14991,338,1,314.67,314.67,191,21,0,0
14992,350,1,210.5,210.5,145,27,0,0
14993,471,1,36.13,36.13,21,9,0,0
14994,290,5,946.72,189.344,568,233,240,0
14995,188,1,119.31,119.31,51,37,0,1
14996,389,2,442.28999999999996,221.145,404,37,0,0
14997,86,2,385.68,192.84,600,20,477,1
14998,78,4,753.18,188.295,352,111,435,0
14999,500,1,129.48000000000002,129.48000000000002,88,9,0,0
15001,302,2,199.10999999999999,99.55499999999999,70,44,0,0
15002,23,9,4138.08,459.78666666666663,2214,220,580,0
15003,381,6,1027.03,171.17166666666665,525,253,209,0
15004,55,1,1220.77,1220.77,623,154,0,0
15005,3,48,11966.76,249.3075,7456,524,642,1
15006,361,1,277.4,277.4,101,47,0,1
15007,67,1,156.91,156.91,69,12,0,0
15008,388,2,360.0,180.0,1500,6,157,0
15011,303,2,416.6,208.3,289,17,20,0
15012,281,2,429.78,214.89,242,107,203,1
15013,395,10,1610.82,161.082,1715,177,189,0
15014,84,1,117.72999999999999,117.72999999999999,68,2,0,1
15015,409,13,2354.97,181.15153846153845,1584,158,223,0
15016,80,5,620.89,124.178,243,93,370,0
15018,160,2,291.34000000000003,145.67000000000002,94,17,114,1
15019,174,1,252.81,252.81,150,64,0,0
15020,287,1,198.47,198.47,111,27,0,0
15021,64,8,1709.05,213.63125,765,289,341,1
15022,585,1,281.05,281.05,113,19,0,1
15023,24,17,9886.210000000001,581.5417647058824,4124,425,557,1
15024,21,11,2753.58,250.32545454545453,1426,130,311,1
15025,476,1,617.83,617.83,319,72,0,1
15026,148,4,810.6700000000001,202.6675,451,83,208,1
15027,76,9,3096.42,344.0466666666667,2740,67,455,1
15028,276,3,521.78,173.92666666666665,333,45,25,1
15029,527,1,365.1,365.1,234,10,0,0
15030,176,7,1614.39,230.62714285714287,1009,21,376,1
15031,18,12,2711.54,225.96166666666667,1291,213,621,1
15032,164,8,11010.05,1376.25625,6601,39,472,0
15033,17,6,1608.95,268.1583333333333,903,203,220,1
15034,140,11,6597.42,599.7654545454545,3661,308,344,1
15036,85,2,212.49,106.245,143,49,2,1
15037,284,2,397.76,198.88,298,40,0,0
15038,95,7,958.49,136.92714285714285,292,176,237,1
15039,7,83,37437.17,451.0502409638554,16978,531,629,1
15040,449,1,7.49,7.49,1,1,0,0
15041,78,2,289.4,144.7,194,98,274,0
15042,107,2,315.45,157.72500000000002,238,9,396,0
15043,371,5,2333.3199999999997,466.66399999999993,719,39,69,1
15044,44,31,13542.1,436.841935483871,3995,269,586,1
15045,59,2,735.66,367.83,114,11,105,0
15046,4,21,6477.05,308.43095238095236,3749,226,597,1
15047,177,1,343.62,343.62,222,22,0,0
15048,24,3,321.48,107.16000000000001,170,74,251,1
15049,181,1,121.17000000000002,121.17000000000002,63,3,0,0
15050,329,2,2349.5,1174.75,1384,58,59,1
15051,58,7,2921.29,417.32714285714286,2393,133,588,1
15052,227,1,207.73000000000002,207.73000000000002,79,27,0,0
15053,64,2,478.6,239.3,514,28,125,1
15055,382,3,549.12,183.04,225,77,248,0
15056,428,1,113.65,113.65,69,6,0,0
15057,183,5,3255.96,651.192,1394,62,458,0
15058,32,12,2519.8,209.98333333333335,1198,169,528,1
15059,15,17,3162.08,186.00470588235294,1400,283,626,1
15061,35,116,108429.88,934.7403448275862,64553,120,610,1
15062,125,7,2411.8,344.54285714285714,1650,95,392,1
15063,121,1,370.79999999999995,370.79999999999995,56,5,0,0
15064,318,4,1254.41,313.6025,810,75,306,0
15065,72,4,3027.48,756.87,1244,140,246,1
15067,190,3,2966.17,988.7233333333334,1532,125,324,1
15068,164,3,861.5,287.1666666666667,598,139,365,1
15069,87,1,1109.53,1109.53,520,70,0,0
15070,280,3,737.0500000000001,245.68333333333337,339,26,351,0
15071,1,4,1455.5600000000002,363.89000000000004,416,41,476,0
15072,387,1,187.52,187.52,164,13,0,0
15073,93,7,2606.57,372.3671428571429,1347,109,496,1
15074,13,3,1553.13,517.7099999999999,1039,63,362,0
15076,80,3,1447.74,482.5800000000001,866,68,349,0
15077,402,2,2428.08,1214.04,528,28,235,0
15078,13,43,14246.210000000001,331.3072093023256,7059,104,629,1
15079,120,11,3625.4,329.58181818181816,1459,119,519,0
15080,335,2,546.25,273.125,287,31,74,0
15081,116,9,1597.82,177.53555555555556,672,65,327,1
15082,576,1,93.35000000000001,93.35000000000001,43,6,0,0
15083,164,1,88.2,88.2,38,5,0,0
15084,287,2,965.1999999999999,482.59999999999997,600,31,266,0
15085,637,1,347.54,347.54,169,9,0,0
15086,472,2,218.53,109.265,95,10,60,0
15087,189,1,306.94,306.94,470,15,0,0
15089,2,3,2036.28,678.76,1189,117,34,1
15090,216,1,381.32,381.32,208,23,0,0
15091,582,2,565.9,282.95,236,27,0,1
15092,123,3,776.46,258.82,230,39,247,0
15093,24,22,13132.460000000001,596.93,10297,104,614,1
15094,371,2,83.0,41.5,28,4,181,0
15095,11,10,3141.64,314.164,2233,90,584,0
15097,491,2,660.27,330.135,254,39,0,1
15098,90,3,39916.5,13305.5,121,1,0,0
15100,241,7,2193.8999999999996,313.41428571428565,270,11,367,0
15101,267,5,1262.69,252.538,469,48,230,1
15102,438,2,554.67,277.335,339,26,16,0
15104,104,2,993.54,496.77,635,66,85,0
15105,42,3,1328.96,442.9866666666667,810,67,491,1
15106,49,3,1032.83,344.27666666666664,822,67,128,1
15107,219,9,824.35,91.59444444444445,330,32,140,0
15108,49,4,1300.25,325.0625,499,50,85,0
15109,153,3,983.1,327.7,258,46,489,0
15110,34,4,886.3000000000001,221.575,212,20,358,1
15111,280,3,1163.39,387.7966666666666,454,60,219,1
15112,519,1,209.4,209.4,72,7,0,0
15114,1,9,2318.53,257.6144444444445,2253,94,327,1
15115,640,1,191.74,191.74,88,14,0,1
15116,42,2,790.97,395.485,255,20,70,1
15117,28,5,1609.92,321.984,2230,65,513,1
15118,42,1,244.8,244.8,1440,1,0,0
15119,153,1,266.4,266.4,88,14,0,0
15120,41,1,358.82,358.82,296,21,0,0
15121,196,1,295.15,295.15,125,18,0,1
15122,22,11,4487.27,407.9336363636364,2033,155,505,0
15123,114,4,3526.33,881.5825,1838,113,427,1
15124,99,3,357.38,119.12666666666667,318,25,459,1
15125,21,21,16291.87,775.8033333333334,8149,146,505,1
15126,444,2,449.49,224.745,273,25,150,0
15127,427,1,304.97,304.97,213,12,0,1
15128,34,4,1482.92,370.73,1247,80,303,1
15129,14,22,6209.51,282.25045454545455,3829,80,503,1
15130,77,1,330.11,330.11,197,22,0,0
15131,302,1,80.28,80.28,88,7,0,0
15132,13,3,842.23,280.74333333333334,633,47,156,1
15133,35,5,1806.9,361.38,960,45,392,0
15134,35,6,823.16,137.19333333333333,560,31,295,1
15135,147,2,305.68,152.84,84,17,317,0
15136,4,1,582.9,582.9,374,29,0,1
15137,428,2,823.4,411.7,596,34,159,0
15138,301,1,502.52,502.52,300,31,0,0
15139,147,2,178.96,89.47999999999999,208,13,96,0
15140,23,6,2617.55,436.2583333333334,1704,82,326,1
15141,365,7,1388.47,198.35285714285715,1197,44,163,0
15142,318,5,2121.18,424.236,1790,97,90,1
15143,133,2,563.63,281.815,320,27,206,0
15144,0,22,9140.710000000001,415.48681818181814,4121,170,634,1
15145,135,2,724.03,362.015,438,35,21,1
15146,72,2,1327.16,663.58,1473,90,126,0
15147,148,1,623.5,623.5,366,28,0,0
15149,41,5,1554.6100000000001,310.922,380,62,515,0
15150,17,8,7256.2300000000005,907.02875,4999,441,434,1
15151,331,2,2085.61,1042.805,795,56,86,0
15152,21,7,2901.35,414.4785714285714,1463,131,587,1
15154,386,2,1089.44,544.72,244,101,0,1
15155,291,1,383.96999999999997,383.96999999999997,192,24,0,0
15157,62,4,2223.41,555.8525,2984,116,574,1
15158,309,1,204.62,204.62,21,4,0,1
15159,20,22,12445.69,565.7131818181819,7737,271,319,1
15160,265,4,589.27,147.3175,307,17,63,0
15161,296,1,119.92,119.92,144,33,0,0
15162,639,1,312.9,312.9,74,12,0,0
15163,100,1,155.0,155.0,48,10,0,1
15164,116,8,1566.76,195.845,703,223,481,1
15165,281,1,487.75,487.75,160,27,0,0
15166,375,1,167.16,167.16,140,12,0,0
15167,228,5,1627.62,325.524,863,262,352,0
15169,290,2,569.22,284.61,356,58,344,0
15170,314,1,81.15,81.15,33,4,0,0
15171,239,1,1289.5,1289.5,290,5,0,0
15172,43,3,886.74,295.58,838,60,100,1
15173,288,7,1494.6,213.5142857142857,840,68,236,0
15174,230,2,481.46,240.73,382,34,87,0
15176,575,1,988.0400000000001,988.0400000000001,448,52,0,0
15177,333,1,948.9300000000001,948.9300000000001,485,26,0,0
15178,168,1,40.5,40.5,30,3,0,0
15179,141,11,6740.09,612.7354545454546,4772,190,502,1
15180,275,3,816.9300000000001,272.31,654,46,221,0
15181,83,4,945.72,236.43,396,14,555,1
15182,62,11,2998.952,272.632,1186,78,502,0
15183,455,3,639.93,213.31000000000003,297,33,36,0
15184,98,3,518.42,172.8066666666667,336,34,533,1
15186,76,4,1221.05,305.2625,663,26,528,1
15187,4,5,1868.88,373.776,800,36,116,1
15188,633,1,310.43,310.43,233,23,0,0
15189,1,37,13836.66,373.96378378378375,5362,84,416,1
15190,342,1,834.4399999999999,834.4399999999999,790,40,0,0
15191,371,3,588.05,196.01666666666665,287,33,225,0
15192,27,5,1666.39,333.27799999999996,1448,56,560,0
15194,34,24,8874.53,369.77208333333334,6502,227,610,1
15196,340,2,313.7,156.85,130,34,293,0
15197,160,5,1571.1499999999999,314.23,791,35,475,1
15198,0,5,571.35,114.27000000000001,327,28,597,0
15199,2,9,2821.4500000000003,313.49444444444447,803,17,480,1
15200,402,1,549.0500000000001,549.0500000000001,195,30,0,0
15201,34,6,1539.67,256.6116666666667,1364,38,484,1
15202,328,3,6001.49,2000.4966666666667,3,1,0,0
15203,13,13,3900.7,300.05384615384617,3768,141,625,1
15204,265,1,316.58,316.58,258,9,0,0
15205,35,1,476.29999999999995,476.29999999999995,196,24,0,1
15206,7,3,236.70000000000002,78.90000000000002,90,3,176,1
15207,324,3,683.92,227.97333333333333,428,19,130,0
15208,71,3,423.92,141.30666666666667,194,19,260,1
15209,638,1,178.98000000000002,178.98000000000002,94,13,0,0
15210,133,3,1176.19,392.06333333333333,841,66,350,0
15211,273,1,383.07,383.07,117,23,0,1
15212,149,2,208.28,104.13999999999999,84,7,135,0
15213,226,2,328.35,164.17499999999998,272,22,11,0
15214,91,2,651.63,325.81500000000005,556,46,58,1
15215,4,5,1987.53,397.506,643,71,516,1
15216,526,1,389.49,389.49,189,22,0,1
15217,471,1,426.24,426.24,190,28,0,0
15218,24,19,9577.29,504.06789473684216,5459,132,566,1
15219,84,2,685.45,342.725,271,26,472,0
15220,23,5,1284.05,256.81,1137,84,165,1
15221,274,4,2062.2,515.55,244,21,271,0
15222,226,11,3550.91,322.81,4458,98,404,0
15223,133,5,1417.95,283.59000000000003,385,26,509,0
15224,266,5,871.36,174.272,443,24,334,0
15225,142,1,409.40000000000003,409.40000000000003,226,23,0,0
15226,218,1,154.41,154.41,71,8,0,0
15227,123,7,2145.91,306.5585714285715,1056,79,418,1
15228,37,5,4417.59,883.518,2625,163,370,1
15229,494,1,160.5,160.5,114,9,0,0
15230,147,2,429.6,214.8,351,23,1,0
15231,529,1,250.26000000000002,250.26000000000002,190,14,0,0
15232,21,2,612.06,306.03,686,26,27,0
15233,309,1,59.400000000000006,59.400000000000006,12,1,0,0
15234,184,1,197.0,197.0,196,14,0,0
15235,125,16,2772.76,173.2975,1676,161,170,0
15236,206,1,321.05,321.05,269,15,0,0
15237,111,2,1093.65,546.825,798,74,23,1
15238,3,2,772.78,386.39,577,37,88,1
15240,99,10,3798.79,379.879,2600,108,542,1
15241,35,9,2638.58,293.17555555555555,3068,112,527,1
15242,330,1,302.04,302.04,196,4,0,0
15243,343,1,610.6,610.6,358,39,0,1
15244,156,2,578.45,289.225,307,28,418,1
15245,42,8,4610.84,576.355,3021,72,461,0
15246,146,3,780.4,260.1333333333333,359,45,317,0
15247,30,3,976.06,325.3533333333333,514,13,414,0
15248,319,3,1893.93,631.3100000000001,1065,103,122,0
15249,15,15,7934.570000000001,528.9713333333333,4325,272,515,1
15250,548,1,60.0,60.0,48,3,0,0
15251,14,17,17291.670000000002,1017.1570588235295,10513,154,572,1
15252,91,4,1663.18,415.79499999999996,1007,82,428,1
15253,77,4,1310.74,327.685,933,67,417,1
15254,35,3,1088.35,362.7833333333333,711,64,433,0
15255,304,8,2815.17,351.89625,1725,101,340,1
15256,56,2,170.4,85.2,92,6,413,0
15257,191,2,685.9,342.95,71,11,130,0
15258,76,2,623.16,311.58000000000004,142,32,48,0
15259,420,4,1182.3799999999999,295.59499999999997,631,50,169,0
15260,8,25,8767.73,350.7092,4468,186,633,0
15261,43,4,1508.0,377.0,806,87,299,0
15262,231,3,418.82,139.60666666666668,218,22,164,0
15263,14,1,156.51,156.51,89,12,0,0
15264,438,1,454.66,454.66,178,32,0,1
15265,59,4,3345.64,836.41,1570,179,586,0
15266,246,5,852.21,170.442,236,38,363,0
15267,63,2,1407.76,703.88,704,7,27,1
15268,386,3,961.9000000000001,320.6333333333334,428,21,126,0
15269,288,2,816.5600000000001,408.28,346,32,10,1
15270,25,19,7995.66,420.82421052631577,3506,66,604,1
15271,2,19,3627.78,190.93578947368422,1947,314,396,1
15272,358,4,1309.01,327.2525,355,209,213,1
15273,507,1,228.96,228.96,216,1,0,0
15276,302,3,491.17,163.72333333333333,256,115,40,1
15277,333,1,220.44,220.44,168,14,0,1
15278,469,4,496.16,124.04,458,29,103,0
15279,262,5,1580.54,316.108,802,74,321,0
15280,80,3,397.52,132.50666666666666,507,48,399,0
15281,44,15,8403.2,560.2133333333334,5150,421,290,1
15282,478,1,348.59,348.59,395,27,0,0
15283,298,3,148.32999999999998,49.44333333333333,27,9,127,0
15284,408,1,24.75,24.75,5,1,0,0
15285,315,1,94.92,94.92,120,6,0,0
15287,287,3,369.34000000000003,123.11333333333334,577,13,357,1
15288,63,9,3415.2200000000003,379.4688888888889,1282,124,509,1
15289,45,4,1351.29,337.8225,1387,65,483,1
15290,11,20,5945.65,297.2825,3789,66,550,1
15291,2,37,12534.48,338.7697297297297,4259,112,641,1
15292,109,1,178.39,178.39,55,24,0,0
15293,573,1,247.5,247.5,178,19,0,0
15294,318,1,233.35,233.35,97,15,0,0
15295,562,1,207.04,207.04,139,50,0,0
15296,17,11,9249.66,840.8781818181818,4961,334,578,1
15298,0,18,7620.09,423.33833333333337,5004,180,638,1
15299,72,8,4684.53,585.56625,2986,7,532,1
15301,21,14,5587.12,399.08,3010,202,336,1
15302,638,1,308.0,308.0,102,15,0,0
15303,198,3,1224.18,408.06,514,63,393,0
15304,72,7,593.9,84.84285714285714,82,8,256,1
15305,463,1,93.6,93.6,40,5,0,0
15306,0,8,2967.4500000000003,370.93125000000003,2776,99,566,1
15307,3,1,205.3,205.3,37,12,0,0
15308,182,1,310.47,310.47,175,19,0,0
15309,518,4,797.96,199.49,440,49,124,0
15310,386,1,1634.64,1634.64,1476,45,0,0
15311,2,182,100354.42,551.3979120879121,61466,779,644,1
15312,11,11,2800.14,254.5581818181818,1587,111,620,1
15313,18,1,52.0,52.0,25,1,0,0
15314,107,3,820.45,273.48333333333335,750,49,228,0
15315,24,1,233.54,233.54,262,16,0,1
15316,234,1,165.0,165.0,100,1,0,0
15317,585,1,129.75,129.75,45,5,0,0
15319,191,1,204.5,204.5,175,16,0,0
15321,199,10,5120.89,512.0889999999999,3017,206,383,1
15322,384,1,711.18,711.18,555,41,0,1
15323,470,3,434.6,144.86666666666667,188,29,99,0
15324,609,1,140.22000000000003,140.22000000000003,74,8,0,0
15325,11,8,1601.46,200.1825,1382,164,557,0
15326,241,5,1700.52,340.104,1351,94,404,0
15328,315,1,107.24,107.24,88,8,0,0
15329,42,10,2663.13,266.313,1117,91,591,1
15331,407,3,767.91,255.97000000000003,701,41,109,0
15332,274,6,4892.68,815.4466666666667,2306,113,147,0
15333,116,1,1028.56,1028.56,344,16,0,0
15334,64,3,350.82,116.94,273,67,16,0
15336,309,1,240.5,240.5,84,15,0,0
15337,319,1,373.02,373.02,200,21,0,0
15338,585,1,277.93,277.93,148,56,0,0
15339,226,6,1504.85,250.8083333333333,881,134,350,1
15340,469,1,105.5,105.5,76,7,0,0
15341,357,1,382.2,382.2,196,7,0,1
15342,37,1,406.09000000000003,406.09000000000003,283,24,0,0
15346,240,3,596.12,198.70666666666668,260,36,98,0
15347,274,4,1162.0,290.5,542,29,71,0
15349,66,2,463.91,231.95499999999998,321,65,29,0
15350,281,2,547.6,273.8,272,26,9,0
15351,277,4,1770.23,442.5575,737,103,62,1
15352,456,1,111.15,111.15,40,34,0,0
15353,162,7,2794.47,399.21,1391,274,483,0
15354,511,3,284.4,94.8,3,1,0,0
15356,13,11,2752.71,250.24636363636364,1604,276,317,1
15358,28,35,13718.47,391.9562857142857,12785,320,612,1
15359,570,8,181.35,22.66875,145,10,30,0
15361,269,4,689.07,172.2675,373,10,181,0
15362,356,2,613.08,306.53999999999996,368,38,290,0
15363,280,2,678.11,339.055,383,32,120,0
15364,3,2,913.19,456.595,493,29,158,0
15365,4,8,3204.09,400.51125,1451,105,576,1
15366,266,6,1892.1100000000001,315.35166666666663,1887,68,293,1
15367,153,9,4619.92,513.3244444444445,2637,191,483,1
15368,302,1,275.8,275.8,176,4,0,1
15369,400,11,6251.26,568.2963636363637,3288,44,239,0
15370,49,5,2866.42,573.284,1178,82,269,1
15371,570,1,59.400000000000006,59.400000000000006,12,1,0,0
15372,45,8,6017.0599999999995,752.1324999999999,6410,45,526,0
15373,23,14,2355.53,168.25214285714287,580,98,470,1
15374,36,2,307.32,153.66,290,8,495,0
15375,598,1,60.959999999999994,60.959999999999994,84,6,0,0
15376,25,2,977.22,488.61,533,94,105,1
15377,290,4,1211.75,302.9375,253,15,32,0
15378,370,2,246.5,123.25,130,8,39,0
15379,77,8,4877.84,609.73,3000,177,231,0
15380,49,8,2141.26,267.6575,794,22,597,1
15381,121,5,1890.57,378.114,802,20,369,0
15382,92,10,9904.960000000001,990.4959999999999,6794,243,550,1
15384,77,4,2027.79,506.9475,1767,83,422,0
15385,300,2,625.2,312.6,267,8,284,1
15386,94,1,394.14,394.14,446,31,0,0
15387,400,1,468.65,468.65,335,20,0,0
15388,178,1,140.54,140.54,88,10,0,0
15389,80,5,2733.8,546.76,3940,2,509,0
15390,304,2,1216.66,608.33,894,77,12,0
15391,492,1,289.87,289.87,109,12,0,0
15392,268,4,1715.07,428.7675,1269,54,71,1
15393,189,4,783.58,195.895,322,35,442,1
15394,112,9,4539.7,504.4111111111111,2008,119,519,1
15395,233,1,107.45,107.45,17,7,0,0
15396,20,2,796.38,398.19000000000005,278,16,471,0
15397,197,1,94.0,94.0,20,6,0,0
15400,0,8,1302.3,162.7875,662,16,468,0
15401,360,2,216.95,108.475,93,14,116,0
15402,56,6,1830.54,305.09000000000003,2034,79,443,0
15403,399,2,170.88,85.44,492,6,238,0
15404,283,1,257.06,257.06,334,16,0,0
15405,97,2,659.84,329.92,348,29,386,0
15406,209,3,717.45,239.14999999999998,423,101,152,1
15407,91,3,740.73,246.91,329,62,121,1
15408,172,1,267.18,267.18,106,34,0,0
15409,629,1,131.25,131.25,59,9,0,0
15410,7,9,4324.29,480.4766666666667,1751,75,500,1
15411,32,2,382.21000000000004,191.10500000000002,155,22,58,1
15412,79,1,190.53,190.53,108,10,0,0
15413,599,5,6798.72,1359.7440000000001,2694,20,47,0
15414,150,1,36.2,36.2,12,5,0,1
15415,221,1,559.61,559.61,551,46,0,0
15416,63,6,3732.83,622.1383333333333,2028,161,521,1
15418,333,2,449.42,224.71,264,64,161,0
15420,342,6,743.0,123.83333333333333,844,52,300,0
15421,123,9,3594.34,399.37111111111113,1806,170,516,1
15422,231,7,1619.97,231.42428571428573,710,80,347,0
15423,489,2,223.39000000000001,111.69500000000001,97,12,39,1
15424,162,3,597.78,199.26,873,33,208,0
15425,308,4,1941.1200000000001,485.28,1041,114,263,0
15426,165,6,1386.41,231.0683333333333,640,218,329,1
15428,295,3,668.97,222.99,245,35,334,1
15430,375,2,954.75,477.375,309,36,60,0
15431,410,1,153.24,153.24,84,2,0,0
15432,449,1,149.57,149.57,27,6,0,1
15433,121,2,533.3,266.65,534,40,53,0
15434,15,9,2112.86,234.76222222222225,1255,79,577,1
15436,142,1,484.1,484.1,246,124,0,1
15437,170,2,393.45,196.72500000000002,177,56,378,0
15438,39,1,156.57999999999998,156.57999999999998,59,25,0,0
15439,312,4,1269.05,317.26250000000005,572,49,248,0
15440,44,2,237.66,118.83,125,25,72,1
15441,304,3,1254.21,418.07,587,45,334,0
15442,156,1,594.0,594.0,120,2,0,0
15443,17,9,2585.44,287.2711111111111,1407,263,533,1
15445,172,2,284.5,142.25,118,12,326,0
15446,284,3,399.75,133.25,265,90,349,0
15447,238,5,492.88,98.576,228,27,294,0
15448,220,2,788.8100000000001,394.405,487,49,361,0
15449,93,2,647.7,323.85,516,30,76,1
15451,342,2,226.86,113.43,76,56,164,0
15452,172,4,1493.63,373.4075,941,148,247,1
15453,0,4,701.2,175.3,357,102,95,1
15454,270,2,305.99,152.995,146,35,256,0
15455,505,1,38.25,38.25,3,2,0,0
15456,191,10,2091.52,209.152,2727,128,448,0
15457,170,1,237.07,237.07,132,56,0,0
15458,310,1,208.8,208.8,144,6,0,1
15459,325,2,202.83,101.415,121,6,80,0
15460,262,1,214.26,214.26,107,53,0,0
15461,368,2,429.7,214.85,230,1,170,0
15462,2,4,737.05,184.2625,495,32,351,0
15464,246,1,1044.65,1044.65,348,155,0,0
15465,46,29,10737.91,370.2727586206897,2287,94,591,1
15466,297,3,1225.93,408.6433333333334,695,172,347,1
15467,53,2,402.56,201.28,235,36,7,1
15468,300,1,962.97,962.97,1245,56,0,1
15469,28,2,640.0,320.0,262,30,318,1
15470,483,1,63.419999999999995,63.419999999999995,232,4,0,0
15471,288,2,837.53,418.765,414,67,170,1
15472,21,1,371.56,371.56,251,76,0,0
15473,352,1,274.8,274.8,104,3,0,1
15474,503,1,150.35,150.35,55,19,0,0
15476,288,4,2209.98,552.495,1174,67,62,0
15477,557,1,368.4,368.4,216,2,0,0
15478,483,1,583.5600000000001,583.5600000000001,319,24,0,1
15479,641,1,147.4,147.4,38,9,0,0
15480,24,5,6279.0,1255.8,1852,199,559,0
15481,309,1,1993.34,1993.34,1450,38,0,0
15482,73,11,5465.9,496.9,2187,46,571,1
15483,69,10,817.82,81.782,905,216,522,0
15484,448,2,1061.69,530.845,924,53,194,1
15485,244,6,3514.55,585.7583333333333,1450,56,401,1
15486,435,1,102.0,102.0,40,1,0,0
15487,587,1,231.32,231.32,144,14,0,0
15488,0,5,431.92,86.384,251,10,490,0
15489,119,6,1633.5900000000001,272.26500000000004,876,66,481,1
15490,338,1,210.85,210.85,82,22,0,0
15491,3,6,3100.09,516.6816666666667,1646,108,140,0
15493,57,7,3455.2200000000003,493.6028571428571,1013,242,505,1
15494,29,4,3541.9,885.475,2984,275,607,1
15495,287,1,246.5,246.5,194,20,0,0
15496,539,1,146.14,146.14,98,22,0,0
15497,227,8,8365.79,1045.7237499999999,2841,65,401,1
15498,28,36,20782.83,577.3008333333333,10554,537,602,1
15499,631,1,158.65,158.65,59,40,0,0
15501,312,2,399.95,199.975,205,64,10,0
15502,31,7,8574.47,1224.9242857142856,5084,216,431,1
15503,270,2,257.3,128.65,130,112,363,0
15504,428,3,349.87,116.62333333333333,108,33,144,1
15505,21,3,2091.14,697.0466666666667,964,36,41,1
15506,46,4,1267.02,316.755,939,114,338,1
15507,79,1,475.86,475.86,160,41,0,0
15508,97,6,1000.27,166.71166666666667,440,78,46,0
15509,288,1,152.41,152.41,58,26,0,0
15510,238,1,250.0,250.0,2,1,0,0
15512,63,4,331.58,82.89500000000001,235,29,520,0
15513,2,33,23030.97,697.9081818181819,9192,258,600,1
15514,133,13,4870.28,374.63692307692304,3173,129,509,1
15515,295,1,171.81,171.81,131,7,0,0
15517,141,1,267.03,267.03,293,27,0,0
15518,32,14,3872.3,276.59285714285716,2664,241,595,1
15519,291,2,344.61,172.305,116,34,63,0
15521,2,15,6424.82,428.3213333333333,4141,183,608,1
15523,296,15,16847.18,1123.1453333333334,15501,63,349,1
15524,514,1,151.4,151.4,24,8,0,1
15525,281,2,430.78000000000003,215.39,253,66,9,1
15527,52,20,4457.15,222.8575,1729,170,579,1
15528,162,1,229.33,229.33,123,26,0,0
15529,50,9,3208.29,356.4766666666667,2841,333,251,1
15530,57,4,1475.06,368.765,1044,98,363,1
15532,39,9,3388.61,376.51222222222225,1193,386,417,1
15534,633,1,162.25,162.25,63,8,0,0
15535,81,6,1044.37,174.06166666666664,314,88,275,0
15536,317,1,259.09,259.09,242,16,0,0
15537,71,1,110.92,110.92,29,24,0,0
15538,445,6,3358.4,559.7333333333333,1016,3,125,0
15540,283,1,247.38,247.38,244,16,0,1
15541,22,1,85.13000000000001,85.13000000000001,49,29,0,0
15542,420,3,855.71,285.2366666666667,418,212,225,0
15543,196,2,242.26,121.13,167,50,171,0
15544,27,18,7033.55,390.7527777777778,5848,154,560,1
15545,279,1,135.32999999999998,135.32999999999998,75,31,0,1
15546,514,2,1079.1000000000001,539.5500000000001,198,6,0,0
15547,18,20,7891.61,394.5805,5120,473,623,1
15548,503,1,158.09,158.09,64,23,0,0
15549,65,7,2272.58,324.6542857142857,898,129,539,1
15550,14,11,2068.7,188.0636363636364,1096,160,630,1
15551,302,6,1243.75,207.29166666666666,578,95,155,1
15552,125,2,252.52,126.26,166,29,405,0
15554,185,1,217.2,217.2,74,14,0,0
15555,11,30,9258.68,308.6226666666667,6512,550,630,1
15558,547,1,202.68,202.68,73,23,0,0
15559,476,1,1109.4,1109.4,526,62,0,0
15560,305,2,153.52,76.76,72,10,0,0
15561,57,7,1583.47,226.21,1162,55,513,1
15562,259,3,671.4300000000001,223.81000000000003,560,32,374,0
15563,108,5,2194.64,438.928,2246,151,480,1
15564,371,2,70.74000000000001,35.370000000000005,42,4,212,0
15566,300,2,227.87,113.935,153,9,331,0
15569,11,10,3583.45,358.345,1734,123,545,0
15570,49,22,7397.65,336.2568181818182,3151,405,479,1
15571,294,10,3241.92,324.192,2147,410,347,1
15572,17,7,2984.57,426.3671428571429,1563,204,494,1
15573,526,3,597.23,199.07666666666668,415,104,110,1
15574,85,6,1101.44,183.57333333333335,750,191,286,0
15575,527,1,30.1,30.1,6,3,0,0
15577,59,5,396.03,79.20599999999999,120,58,575,0
15578,70,1,127.1,127.1,52,13,0,0
15579,221,4,1118.38,279.595,651,125,118,1
15580,284,8,1375.39,171.92375,955,150,293,0
15581,28,38,7480.4,196.85263157894735,3028,542,616,0
15582,8,2,541.51,270.755,407,33,120,1
15583,284,1,95.96,95.96,56,37,0,0
15584,70,3,697.74,232.58,218,125,508,1
15585,84,1,455.3,455.3,320,31,0,0
15586,500,3,1139.1000000000001,379.70000000000005,1338,30,108,0
15587,50,5,1065.24,213.048,372,3,349,1
15588,585,1,579.6,579.6,96,4,0,0
15589,163,3,478.53,159.51,243,28,54,0
15590,290,5,1496.6,299.32,832,75,224,0
15591,490,3,217.9,72.63333333333334,58,6,91,0
15594,1,2,788.22,394.11,464,43,141,1
15595,395,1,357.59999999999997,357.59999999999997,144,4,0,0
15596,8,9,2727.72,303.08,1208,82,398,0
15597,483,1,238.8,238.8,114,15,0,1
15598,335,1,307.34,307.34,244,22,0,1
15599,112,2,937.15,468.575,741,58,241,1
15600,336,4,1199.31,299.8275,657,55,165,0
15601,30,27,13000.64,481.50518518518516,9415,286,615,1
15602,108,12,2383.04,198.58666666666667,1500,53,537,1
15603,556,1,40.0,40.0,32,2,0,1
15605,160,7,1233.9,176.27142857142857,466,59,441,1
15606,27,16,4750.21,296.888125,1485,78,528,1
15607,244,9,1708.97,189.88555555555556,1470,95,364,0
15608,28,2,977.98,488.99,778,57,294,1
15609,92,1,298.48,298.48,148,16,0,0
15611,11,21,2352.97,112.04619047619049,500,37,579,1
15613,518,1,433.71999999999997,433.71999999999997,700,27,0,0
15614,345,4,3147.36,786.84,1632,73,188,0
15615,13,43,18342.08,426.56000000000006,10419,268,631,1
15616,346,1,317.11,317.11,137,13,0,0
15617,304,3,828.5500000000001,276.18333333333334,485,41,111,0
15618,0,3,419.041,139.68033333333332,215,22,44,1
15620,128,3,1264.19,421.3966666666667,934,84,188,1
15622,105,13,6745.05,518.85,3642,296,448,1
15623,49,8,2437.05,304.63125,1087,91,588,0
15624,24,4,588.13,147.0325,357,26,139,0
15625,11,9,3236.4,359.6,3020,106,438,0
15626,237,2,673.6,336.8,684,50,91,1
15627,365,2,566.9,283.45000000000005,344,23,65,0
15628,6,13,4088.2400000000002,314.48,2733,113,627,1
15629,358,4,2240.9,560.225,1518,39,82,0
15630,112,2,691.91,345.95500000000004,467,41,439,1
15631,550,1,596.67,596.67,525,39,0,0
15632,29,6,2351.84,391.97333333333336,1304,76,153,1
15633,417,13,4335.96,333.5353846153846,2048,77,221,0
15634,291,1,311.1,311.1,128,19,0,1
15635,303,1,100.35,100.35,5,2,0,0
15636,190,3,1026.52,342.17333333333335,358,28,287,1
15637,321,4,574.23,143.5575,523,23,310,1
15638,286,6,2265.2,377.5333333333333,1134,20,231,0
15639,42,3,1065.08,355.02666666666664,849,61,471,0
15640,29,25,19914.94,796.5975999999999,10429,261,603,1
15641,13,12,5345.55,445.46250000000003,4422,249,627,0
15642,637,1,105.78,105.78,270,6,0,0
15643,99,3,664.0,221.33333333333334,246,31,90,0
15644,74,4,803.54,200.885,550,166,94,0
15645,322,2,443.16,221.58,140,16,11,1
15646,65,5,784.8100000000001,156.96200000000002,821,65,252,0
15647,323,1,169.0,169.0,124,11,0,0
15648,112,2,639.5,319.75,218,23,62,0
15649,244,4,1660.35,415.0875,365,8,50,0
15650,429,2,553.88,276.94,210,33,106,0
15651,168,3,840.08,280.02666666666664,630,44,335,1
15652,295,4,1068.2,267.05,449,76,97,1
15653,0,2,877.44,438.72,1200,4,23,0
15655,151,1,560.6700000000001,560.6700000000001,324,34,0,0
15656,86,3,563.63,187.87666666666667,202,34,105,1
15658,98,8,2117.27,264.65875,627,79,546,0
15659,294,2,226.04,113.02,50,8,266,1
15660,43,12,1887.17,157.26416666666668,1311,57,536,1
15661,225,8,1215.95,151.99374999999998,779,27,261,0
15662,569,2,283.73,141.865,145,12,77,0
15663,14,1,138.14,138.14,106,9,0,0
15664,357,3,867.6,289.2,373,46,200,1
15665,76,5,3987.07,797.414,2777,163,466,0
15666,380,2,632.94,316.47,469,62,23,0
15668,125,1,76.32000000000001,76.32000000000001,72,1,0,0
15669,11,3,565.54,188.51333333333332,262,29,160,1
15670,204,2,325.2,162.60000000000002,132,19,259,0
15671,2,5,1972.89,394.57800000000003,1185,47,176,1
15672,633,1,45.300000000000004,45.300000000000004,10,3,0,0
15673,64,8,5492.79,686.59875,2854,153,498,1
15674,121,12,5881.29,490.1075,2999,219,517,1
15675,63,3,443.74,147.91333333333333,582,28,249,1
15676,191,1,897.8,897.8,555,61,0,1
15677,329,2,648.4,324.2,356,32,42,1
15678,303,2,1473.24,736.62,838,67,127,1
15679,62,2,260.26,130.13,398,18,28,1
15680,274,8,3173.9,396.7375,2122,128,371,1
15681,91,12,2266.76,188.89666666666668,1026,40,381,1
15682,507,2,318.24,159.12,222,25,88,0
15683,25,2,524.54,262.27,332,25,356,0
15684,455,3,173.95,57.98333333333333,77,9,188,0
15685,358,1,55.980000000000004,55.980000000000004,36,17,0,0
15686,328,1,90.0,90.0,72,1,0,0
15687,94,5,1679.45,335.89,657,69,143,1
15688,326,1,190.57,190.57,95,26,0,0
15689,27,3,521.03,173.67666666666665,207,20,497,0
15690,8,1,111.0,111.0,204,8,0,1
15691,160,4,571.3,142.825,212,12,480,0
15693,567,1,37.5,37.5,30,1,0,0
15694,84,19,6804.86,358.1505263157895,1529,46,556,1
15695,174,4,1131.04,282.76,484,55,414,0
15696,128,11,2800.06,254.55090909090907,1088,116,463,1
15697,597,1,246.75,246.75,127,14,0,0
15698,532,1,46.2,46.2,60,2,0,0
15700,80,2,696.68,348.34,357,85,1,0
15701,18,1,853.9,853.9,472,119,0,1
15702,384,2,140.39,70.195,103,30,205,0
15703,172,1,211.5,211.5,66,5,0,0
15704,48,6,3734.6600000000003,622.4433333333334,1709,129,442,0
15705,109,1,143.1,143.1,62,6,0,0
15706,24,1,450.05,450.05,160,29,0,1
15708,46,8,3241.2400000000002,405.15500000000003,1237,114,287,1
15709,191,2,327.85,163.925,169,26,305,0
15710,325,1,898.87,898.87,641,110,0,0
15711,464,2,420.25,210.125,199,25,128,0
15712,17,10,3166.36,316.636,1162,79,629,1
15713,51,4,839.64,209.91000000000003,451,48,580,0
15714,361,3,453.93,151.31,175,14,102,1
15715,463,5,658.02,131.60399999999998,246,33,63,0
15716,53,11,2485.26,225.9327272727273,1379,188,586,0
15717,142,5,607.0,121.4,224,17,358,0
15718,448,1,293.79,293.79,95,18,0,0
15719,7,29,9227.87,318.20241379310346,4811,415,638,1
15720,458,1,140.49,140.49,46,25,0,1
15722,16,9,4436.24,492.91555555555556,1846,84,531,1
15723,272,4,930.7,232.675,427,108,209,0
15724,109,3,310.85,103.61666666666667,117,17,199,0
15726,298,1,321.91,321.91,123,23,0,0
15727,15,14,8802.04,628.7171428571429,5470,407,577,1
15728,287,2,544.6,272.3,132,10,64,0
15729,120,3,192.55,64.18333333333334,47,10,190,0
15730,0,4,1382.92,345.73,861,81,339,1
15731,461,1,125.3,125.3,122,8,0,0
15732,120,10,1543.97,154.397,1264,53,461,0
15733,190,1,162.3,162.3,62,10,0,0
15734,22,4,2263.3,565.825,516,36,432,0
15735,329,1,327.68,327.68,206,19,0,0
15736,343,2,1767.1200000000001,883.56,1208,95,0,0
15737,55,5,880.9300000000001,176.186,443,43,95,1
15738,4,38,12084.35,318.0092105263158,8405,70,632,1
15741,366,2,208.62,104.31,70,11,160,0
15742,527,1,156.87,156.87,51,41,0,0
15743,21,2,434.05,217.025,119,31,71,1
15745,144,1,302.85,302.85,127,18,0,1
15746,42,1,196.88,196.88,178,28,0,0
15747,28,8,2078.54,259.8175,1159,95,570,1
15748,357,2,465.45,232.725,211,16,0,1
15749,143,3,44534.3,14844.766666666668,18028,5,97,0
15750,78,14,5098.121,364.1515,3551,328,567,1
15751,368,11,1380.44,125.49454545454546,443,90,272,0
15752,1,8,3391.68,423.96,2489,332,364,1
15753,212,1,79.2,79.2,144,1,0,0
15754,154,7,2670.84,381.5485714285714,1599,96,408,1
15755,16,14,4773.7,340.9785714285714,3231,230,627,1
15756,60,3,359.89,119.96333333333332,166,118,96,1
15757,125,5,2487.3,497.46000000000004,1433,140,329,1
15759,126,7,830.9300000000001,118.70428571428572,523,10,519,0
15760,538,2,13916.34,6958.17,2,1,0,0
15761,350,1,143.05,143.05,31,5,0,0
15764,15,7,4499.7300000000005,642.8185714285713,2943,187,371,1
15765,574,1,370.63,370.63,335,25,0,0
15766,364,2,516.0,258.0,164,15,225,1
15768,23,34,15308.89,450.2614705882353,4215,437,620,0
15769,9,39,74223.52,1903.1671794871795,41536,19,627,1
15770,520,1,321.45,321.45,67,18,0,0
15771,512,3,1006.54,335.5133333333333,512,26,89,0
15772,326,1,280.88,280.88,110,16,0,0
15773,317,1,138.84,138.84,99,37,0,1
15774,326,5,1017.5400000000001,203.508,378,69,238,1
15775,153,2,150.5,75.25,260,9,386,0
15776,41,1,241.62,241.62,138,18,0,0
15777,149,7,1762.6100000000001,251.8014285714286,599,29,327,0
15778,339,1,307.95000000000005,307.95000000000005,101,17,0,0
15779,371,2,124.08000000000001,62.04,20,8,69,0
15780,91,3,475.28000000000003,158.42666666666668,220,26,174,0
15781,45,2,211.3,105.65,66,11,168,1
15782,338,1,1399.36,1399.36,980,18,0,1
15784,375,2,848.33,424.16499999999996,381,33,204,0
15785,65,15,5306.79,353.786,3878,88,566,1
15786,22,3,6730.26,2243.42,4903,267,422,1
15788,416,1,221.83,221.83,115,14,0,0
15789,266,6,1962.01,327.00166666666667,2499,110,265,0
15791,112,4,3218.89,804.7225,1797,112,437,1
15792,307,2,933.84,466.92,606,57,218,0
15793,176,6,1740.6,290.1,1324,9,469,1
15794,644,2,777.0,388.5,288,15,0,0
15795,57,8,1979.8700000000001,247.48375,1411,111,540,0
15796,17,14,4035.79,288.2707142857143,1401,133,509,1
15797,21,6,2821.08,470.18,1281,12,568,0
15798,400,3,1535.37,511.78999999999996,915,73,188,0
15799,93,3,1018.44,339.48,925,91,233,1
15800,15,7,1227.07,175.29571428571427,575,198,511,0
15801,17,1,137.22,137.22,70,9,0,1
15802,50,1,451.42,451.42,1,1,0,0
15803,353,3,1513.84,504.6133333333333,740,42,230,1
15804,2,5,2554.84,510.968,1492,130,104,1
15805,14,24,8209.25,342.0520833333333,5111,278,623,1
15806,65,2,521.88,260.94,413,19,119,1
15807,316,2,913.62,456.81,1102,40,257,1
15808,214,21,17180.25,818.1071428571429,6753,348,431,0
15809,92,6,1157.88,192.98,650,45,351,1
15810,78,7,2968.25,424.0357142857143,1648,87,502,1
15811,13,6,3041.33,506.8883333333333,1470,181,282,1
15812,15,12,5201.47,433.4558333333334,3450,87,617,0
15813,115,2,1303.9099999999999,651.9549999999999,603,40,31,0
15814,301,2,689.11,344.555,457,23,210,1
15815,48,4,1874.7,468.675,1514,24,119,1
15816,450,2,144.15,72.075,54,11,0,0
15817,328,3,2766.4,922.1333333333333,1596,133,122,0
15818,496,1,340.5,340.5,284,11,0,0
15819,39,9,3614.81,401.6455555555556,2710,171,500,1
15820,227,1,206.98,206.98,128,17,0,0
15822,267,5,1394.79,278.95799999999997,735,34,373,1
15823,280,3,3882.17,1294.0566666666668,1774,155,358,0
15824,361,2,890.94,445.47,478,24,78,0
15825,80,1,532.94,532.94,220,20,0,0
15826,118,2,1663.97,831.985,1349,66,357,1
15827,22,27,3365.21,124.63740740740741,1582,112,586,1
15828,283,1,1108.82,1108.82,367,74,0,0
15829,7,2,636.14,318.07,996,44,41,0
15831,32,2,451.11,225.555,687,22,199,1
15832,162,1,836.79,836.79,465,54,0,0
15833,645,1,80.4,80.4,24,5,0,0
15834,73,6,3322.46,553.7433333333333,1531,268,258,1
15835,45,3,675.51,225.17,333,32,193,1
15837,393,1,385.03000000000003,385.03000000000003,216,28,0,1
15838,16,27,53715.92,1989.4785185185185,53744,58,616,1
15839,56,1,299.18,299.18,234,20,0,1
15840,80,1,241.74,241.74,256,17,0,1
15841,126,7,2131.61,304.5157142857143,1815,47,511,1
15842,301,2,548.8000000000001,274.4,296,24,134,0
15843,211,1,118.95,118.95,27,8,0,0
15845,52,8,3241.27,405.15875,1580,105,537,1
15846,293,1,107.01,107.01,79,27,0,0
15847,196,4,613.98,153.495,542,28,353,1
15848,529,1,137.99,137.99,45,34,0,0
15850,76,5,888.03,177.606,1275,231,558,1
15851,434,1,109.73,109.73,67,8,0,0
15852,94,3,257.26,85.75333333333333,60,31,340,0
15854,48,18,5002.85,277.93611111111113,1509,135,589,1
15855,44,6,1052.72,175.45333333333335,712,72,339,0
15856,3,42,27380.24,651.9104761904762,16125,347,641,1
15857,338,1,273.48,273.48,276,10,0,1
15858,197,10,2941.06,294.106,2277,231,440,1
15859,340,1,438.46,438.46,174,22,0,0
15860,6,15,2163.28,144.21866666666668,1167,232,634,1
15861,42,7,2346.04,335.1485714285714,2179,321,545,1
15862,20,12,2339.14,194.9283333333333,1434,378,610,1
15863,100,4,295.46,73.865,145,58,530,1
15864,6,4,1202.3,300.57500000000005,852,13,282,1
15865,121,3,1660.22,553.4066666666666,951,99,489,1
15866,9,1,211.89,211.89,124,43,0,0
15867,21,28,8060.57,287.8775,4500,509,612,1
15868,491,1,94.53,94.53,57,4,0,0
15869,185,3,321.11,107.03666666666668,273,29,349,0
15870,304,3,506.02000000000004,168.67333333333332,171,61,49,1
15871,345,1,33.099999999999994,33.099999999999994,5,5,0,0
15872,286,2,413.0,206.5,280,70,171,1
15873,407,4,313.91999999999996,78.48,1152,3,1,0
15874,85,20,9086.63,454.33150000000006,3633,236,523,1
15875,554,1,108.52,108.52,74,18,0,0
15876,317,2,1449.14,724.5699999999999,886,11,39,0
15878,469,2,330.77,165.385,243,47,171,0
15879,312,4,1137.8,284.45000000000005,639,171,317,0
15880,277,1,329.03,329.03,202,95,0,0
15881,220,5,501.39,100.278,260,26,52,0
15882,106,8,1124.66,140.5825,650,49,530,0
15884,340,2,244.60000000000002,122.30000000000001,152,14,303,0
15885,0,15,1951.82,130.12133333333335,622,83,594,0
15886,324,3,871.78,290.5933333333333,520,47,181,1
15887,314,3,1027.15,342.3833333333334,605,27,148,0
15888,308,2,260.85,130.425,63,24,125,1
15889,64,8,1427.6,178.45,800,256,572,0
15890,302,5,535.65,107.13,119,10,210,0
15891,134,1,511.68,511.68,418,60,0,0
15892,577,1,128.2,128.2,46,38,0,0
15893,389,1,305.28000000000003,305.28000000000003,288,1,0,0
15894,161,2,258.25,129.125,164,35,115,0
15895,57,1,179.17,179.17,94,11,0,0
15897,102,2,208.59,104.295,223,17,0,0
15898,134,24,4610.56,192.10666666666668,2014,280,501,0
15899,276,1,56.25,56.25,39,4,0,0
15900,321,3,549.29,183.09666666666666,440,68,148,1
15901,62,5,446.48,89.296,525,70,388,1
15902,288,1,145.01,145.01,124,18,0,0
15903,135,7,4454.72,636.3885714285715,2192,39,467,1
15905,451,1,114.69,114.69,82,22,0,0
15906,52,7,1760.21,251.45857142857145,447,86,305,1
15907,84,2,477.59000000000003,238.79500000000002,237,93,33,1
15908,398,2,758.62,379.31,173,37,21,0
15909,81,1,191.94,191.94,98,7,0,0
15910,7,12,2095.65,174.63750000000002,1655,343,588,1
15911,531,8,1700.24,212.53,810,162,106,0
15912,86,9,1074.7,119.41111111111111,759,83,551,0
15913,442,1,6.300000000000001,6.300000000000001,3,1,0,0
15914,286,2,205.99,102.99499999999999,149,13,0,0
15915,309,1,364.45,364.45,414,105,0,0
15916,99,10,2489.33,248.933,1259,178,537,1
15917,155,5,530.17,106.03399999999999,248,127,489,0
15918,98,3,582.88,194.29333333333332,240,49,441,0
15919,276,1,214.07999999999998,214.07999999999998,175,38,0,1
15920,62,9,569.14,63.23777777777778,238,93,571,0
15921,80,4,775.26,193.815,335,69,468,0
15922,281,1,369.5,369.5,138,11,0,0
15923,280,1,127.08,127.08,122,21,0,0
15924,639,1,102.82,102.82,103,14,0,0
15925,102,1,207.15,207.15,93,12,0,0
15926,450,1,134.44,134.44,155,7,0,0
15927,555,1,106.54,106.54,66,13,0,0
15928,564,1,293.53,293.53,164,11,0,0
15929,552,1,594.0,594.0,120,1,0,0
15931,336,1,239.9,239.9,118,14,0,0
15932,15,6,1885.95,314.325,1509,65,181,1
15934,325,2,2190.66,1095.33,2166,29,11,0
15935,147,2,416.86,208.43,115,12,2,0
15936,287,2,282.79,141.395,211,16,88,0
15938,20,9,734.8100000000001,81.64555555555555,449,27,444,0
15939,15,15,8805.630000000001,587.042,6104,52,267,1
15940,219,1,35.8,35.8,4,1,0,0
15941,545,1,405.0,405.0,60,6,0,0
15942,41,1,337.44,337.44,232,14,0,0
15943,557,2,271.28999999999996,135.645,183,12,28,0
15944,184,4,2164.24,541.06,859,25,449,0
15945,273,4,646.27,161.5675,345,24,372,0
15946,410,3,2304.18,768.06,1614,25,131,0
15948,332,1,553.85,553.85,285,35,0,1
15950,14,8,6467.58,808.4475,3080,208,576,1
15951,193,2,680.12,340.06,281,35,95,1
15952,67,2,309.20000000000005,154.60000000000002,140,25,66,1
15953,119,14,2607.1,186.22142857142856,1300,69,524,1
15954,497,1,190.75,190.75,119,20,0,0
15955,14,16,6133.37,383.335625,2935,153,547,1
15956,459,2,617.6,308.79999999999995,278,18,175,0
15957,328,2,492.36,246.18,242,88,0,1
15958,311,3,357.77,119.25666666666666,121,45,147,1
15959,590,3,542.89,180.96333333333337,269,58,0,0
15960,282,4,410.95,102.73750000000001,258,24,61,0
15961,287,1,451.28999999999996,451.28999999999996,154,42,0,0
15962,357,1,289.48,289.48,228,43,0,0
15964,571,1,269.21000000000004,269.21000000000004,93,20,0,0
15965,275,10,2119.26,211.92600000000002,953,144,369,1
15966,358,1,426.53,426.53,275,27,0,0
15967,226,11,2730.22,248.20181818181817,1038,290,419,1
15968,296,1,404.55,404.55,247,70,0,0
15969,93,3,769.65,256.55,143,23,336,1
15970,211,2,1017.3199999999999,508.65999999999997,498,19,295,0
15971,16,13,3812.4300000000003,293.2638461538462,1446,12,623,1
15972,364,5,1769.33,353.866,468,104,143,0
15973,274,3,680.62,226.87333333333336,195,8,62,0
15974,3,6,2895.01,482.5016666666667,1864,119,193,1
15976,73,6,1694.41,282.4016666666667,1053,265,385,0
15978,340,2,2180.64,1090.32,1556,72,211,1
15979,510,1,329.21999999999997,329.21999999999997,450,22,0,0
15980,162,5,4905.0,981.0,3854,83,302,1
15981,45,19,8412.49,442.7626315789474,4257,131,483,1
15982,513,1,324.51,324.51,131,45,0,0
15983,268,7,2783.62,397.65999999999997,1680,117,372,1
15984,8,27,7419.9,274.8111111111111,4858,425,637,1
15985,31,7,2715.28,387.8971428571429,2750,50,438,0
15986,289,1,186.3,186.3,100,11,0,1
15987,28,7,1296.85,185.2642857142857,1431,98,258,1
15988,459,2,582.11,291.055,296,93,105,1
15989,283,2,368.31,184.155,169,81,361,0
15990,195,6,1607.01,267.835,814,95,362,1
15991,442,1,150.55,150.55,41,6,0,0
15992,304,2,854.61,427.305,497,51,57,1
15994,319,2,761.41,380.70500000000004,289,69,224,1
15995,322,1,694.54,694.54,352,108,0,0
15996,24,6,1233.58,205.59666666666666,599,128,280,1
15998,79,14,7299.18,521.37,4688,614,566,1
15999,643,1,20.4,20.4,24,1,0,0
16001,289,1,583.39,583.39,337,29,0,0
16002,533,1,169.21,169.21,70,42,0,0
16003,42,8,4672.36,584.045,1620,126,601,1
16004,382,5,2146.39,429.27799999999996,1076,63,208,0
16005,90,8,2062.19,257.77375,1106,232,267,1
16006,119,2,332.82,166.41,205,75,176,0
16007,88,5,2086.92,417.384,1824,269,362,1
16008,112,13,4999.5,384.5769230769231,2989,58,425,1
16009,67,1,441.59000000000003,441.59000000000003,196,55,0,1
16010,153,11,1694.86,154.07818181818183,919,122,165,0
16011,0,25,4433.71,177.3484,2707,169,646,1
16012,36,4,2695.42,673.855,1512,176,401,1
16013,6,72,42357.18,588.2941666666667,18862,52,633,1
16014,60,4,967.83,241.95749999999998,426,211,525,1
16016,104,7,1408.96,201.28,579,127,206,1
16017,325,4,1333.7,333.425,533,81,286,1
16018,88,3,451.13,150.37666666666667,357,39,551,1
16019,44,25,16495.170000000002,659.8068,6419,210,588,1
16021,303,2,487.03,243.515,276,117,149,0
16022,168,1,602.63,602.63,255,68,0,0
16023,100,2,500.69,250.34500000000003,227,59,74,1
16024,319,2,232.96,116.48,107,21,0,1
16027,45,14,1889.96,134.99714285714285,1811,20,562,1
16028,503,1,82.2,82.2,18,5,0,0
16029,1,96,91042.92,948.36375,39768,56,637,1
16030,217,1,331.24,331.24,283,28,0,0
16031,0,2,547.9,273.95,421,91,154,0
16032,364,6,1965.72,327.62,1467,130,67,0
16033,16,23,7694.54,334.54521739130433,2820,444,376,1
16034,104,6,911.32,151.88666666666666,585,43,213,0
16035,468,1,217.73,217.73,33,21,0,0
16036,171,3,1986.65,662.2166666666667,780,88,356,1
16037,177,5,1509.3400000000001,301.86800000000005,766,62,378,0
16038,85,2,393.33,196.665,229,23,24,1
16039,331,2,456.4,228.20000000000002,409,27,204,0
16040,56,6,1979.53,329.9216666666667,1010,82,461,1
16041,49,2,2739.8,1369.9,1044,5,0,1
16042,15,5,1508.33,301.666,947,58,346,1
16043,119,7,1759.0900000000001,251.29857142857145,850,48,270,1
16044,343,1,340.84000000000003,340.84000000000003,170,19,0,0
16045,27,8,3434.93,429.36625000000004,2108,111,378,0
16046,470,1,235.78,235.78,248,22,0,0
16047,590,1,107.14,107.14,1,1,0,0
16048,281,4,818.7900000000001,204.69750000000002,425,30,176,0
16049,283,3,777.34,259.11333333333334,369,175,141,1
16050,81,3,300.7,100.23333333333335,388,19,227,0
16051,589,1,188.44,188.44,80,12,0,0
16053,30,5,3247.08,649.4159999999999,2277,153,488,1
16054,53,4,2111.88,527.97,791,109,471,0
16055,128,1,134.8,134.8,22,8,0,0
16057,4,9,3135.96,348.44,1448,148,604,1
16058,314,1,62.7,62.7,18,2,0,0
16059,71,10,2545.01,254.50100000000003,1180,207,405,1
16060,308,3,541.95,180.65,243,22,93,0
16061,339,1,89.65,89.65,19,3,0,0
16062,41,7,2487.97,355.42428571428576,1885,122,402,1
16063,168,1,335.32,335.32,262,23,0,0
16064,633,1,109.31,109.31,55,17,0,0
16065,273,8,1992.13,249.01625,1207,214,97,0
16066,32,1,316.38,316.38,186,6,0,1
16067,470,3,3269.11,1089.7033333333334,1236,60,112,0
16068,501,1,115.73,115.73,48,34,0,0
16069,325,1,457.7,457.7,138,25,0,0
16071,435,3,750.5600000000001,250.1866666666667,517,47,127,1
16072,196,4,4180.09,1045.0225,1580,414,260,0
16073,205,1,122.4,122.4,48,1,0,0
16074,298,1,252.5,252.5,38,23,0,0
16075,410,2,736.9300000000001,368.46500000000003,271,41,61,0
16076,0,5,1357.98,271.596,1012,69,115,1
16077,533,1,2300.4,2300.4,840,8,0,0
16078,191,2,362.99,181.495,200,39,385,0
16080,182,3,515.66,171.88666666666666,236,24,176,1
16081,93,6,2471.91,411.98499999999996,1180,155,489,1
16082,578,1,106.75,106.75,39,16,0,0
16083,8,4,2351.42,587.855,1514,61,287,0
16084,207,1,436.18,436.18,216,38,0,0
16085,144,9,1684.56,187.17333333333332,970,196,451,1
16086,6,9,2466.04,274.00444444444446,1327,65,639,1
16087,297,5,1739.92,347.98400000000004,664,6,300,0
16088,483,2,1437.43,718.7149999999999,373,3,15,0
16089,294,2,263.49,131.745,119,42,122,0
16090,532,1,180.56,180.56,58,18,0,0
16091,62,2,315.06,157.53,154,16,43,0
16092,22,6,1587.94,264.6566666666667,1188,60,464,0
16093,14,1,17.0,17.0,20,1,0,0
16094,127,8,2869.43,358.67875,1537,81,382,1
16095,364,1,447.05,447.05,265,30,0,0
16096,172,4,1584.97,396.2425,700,58,380,0
16097,148,1,185.04999999999998,185.04999999999998,87,10,0,0
16098,36,13,3717.56,285.9661538461538,1896,80,596,1
16099,45,6,1433.4,238.9,888,41,508,1
16100,370,1,582.64,582.64,438,37,0,0
16101,342,3,1938.46,646.1533333333333,1087,94,126,1
16102,6,2,1392.84,696.4200000000001,776,41,29,1
16103,65,20,5918.47,295.9235,2469,106,542,1
16104,326,8,2476.25,309.53125,925,162,314,1
16105,156,5,2386.19,477.238,2125,92,355,0
16107,11,3,1494.1200000000001,498.04,500,16,79,1
16108,342,3,1393.42,464.47333333333336,858,79,197,1
16109,126,3,939.48,313.16,1092,30,479,0
16110,170,3,1138.82,379.6066666666666,502,235,260,1
16111,336,1,549.33,549.33,233,72,0,0
16112,51,4,195.74,48.935,574,15,195,0
16113,91,1,161.38,161.38,176,30,0,0
16114,78,1,135.75000000000003,135.75000000000003,43,8,0,0
16115,25,9,1817.51,201.94555555555556,1187,192,457,1
16116,119,1,612.78,612.78,248,34,0,0
16117,97,3,654.4,218.13333333333333,321,64,401,0
16118,560,1,4376.25,4376.25,2851,41,0,0
16119,302,6,1297.45,216.24166666666667,571,31,329,1
16120,330,2,1658.3700000000001,829.1850000000001,1283,60,0,1
16121,123,4,881.32,220.32999999999998,442,159,350,1
16122,20,5,761.46,152.292,1064,26,312,1
16124,225,4,1772.49,443.1225,797,63,415,0
16125,275,14,4292.35,306.5964285714286,1819,168,358,0
16126,9,14,12063.53,861.6807142857143,5099,133,635,1
16127,634,1,145.06,145.06,68,35,0,1
16128,51,8,2615.53,326.94125,1823,116,367,1
16129,315,3,1396.05,465.34999999999997,1261,91,100,0
16130,330,4,987.48,246.87,296,53,195,0
16131,23,10,8729.38,872.9380000000001,4210,130,622,1
16132,452,2,664.1999999999999,332.1,280,14,83,0
16133,9,46,19022.49,413.53239130434787,10989,235,517,1
16134,267,4,1810.78,452.695,1424,71,181,1
16135,170,2,819.45,409.72499999999997,395,35,321,0
16136,185,2,396.72,198.36,300,17,385,1
16137,588,1,422.7,422.7,210,28,0,0
16138,286,3,910.35,303.45000000000005,774,35,212,0
16139,20,4,782.11,195.5275,427,35,624,1
16140,279,2,832.4200000000001,416.21,646,33,70,1
16141,325,1,335.54,335.54,172,20,0,1
16142,157,1,535.34,535.34,422,37,0,0
16143,16,11,4079.5,370.8636363636364,1662,103,621,1
16144,154,1,175.2,175.2,16,1,0,0
16145,7,16,5606.26,350.39125,4395,190,484,1
16146,65,4,946.38,236.59500000000003,544,34,291,0
16147,41,5,2398.91,479.782,1395,113,538,0
16148,204,2,386.62,193.31,250,9,140,0
16149,50,2,305.38,152.69,458,23,286,1
16150,36,8,3357.85,419.73125000000005,1717,120,593,1
16152,176,1,1829.04,1829.04,642,29,0,0
16153,23,10,4332.8,433.28000000000003,3150,140,446,1
16155,289,5,796.9,159.38,495,45,158,0
16156,59,16,4511.31,281.956875,2586,156,585,1
16158,430,9,628.32,69.81333333333333,182,29,211,0
16159,189,4,1232.79,308.1975,635,31,455,0
16161,48,36,10083.05,280.0847222222222,5147,360,529,1
16162,160,1,37.4,37.4,4,2,0,0
16163,140,6,2407.98,401.33,676,59,505,0
16165,413,1,79.9,79.9,2,1,0,0
16166,336,2,435.83,217.91500000000002,173,18,263,0
16167,322,5,1386.12,277.22400000000005,1494,51,324,0
16168,2,57,9205.19,161.49456140350878,4475,119,641,1
16170,20,19,6544.61,344.4531578947369,5769,241,546,1
16172,3,8,1884.55,235.56875,1419,81,417,0
16173,6,1,429.38,429.38,137,25,0,1
16174,34,7,2246.75,320.9642857142857,1431,28,476,0
16175,2,7,1836.44,262.34857142857146,932,59,469,0
16176,329,4,2052.69,513.1725,952,53,198,0
16177,344,7,1915.3600000000001,273.6228571428572,926,66,210,1
16178,46,2,612.6,306.3,304,24,263,0
16180,8,13,16249.87,1249.99,9813,171,434,0
16182,38,8,8198.0,1024.75,4896,12,510,1
16183,302,3,739.1,246.36666666666667,238,17,12,1
16184,13,5,985.8000000000001,197.16000000000003,470,22,105,1
16185,140,2,450.31,225.155,214,28,332,1
16186,11,23,7408.02,322.0878260869565,5816,153,626,1
16187,7,12,5395.7,449.64166666666665,3925,140,185,1
16188,49,4,860.83,215.2075,701,58,267,1
16190,302,7,2508.4700000000003,358.3528571428572,1143,88,330,1
16191,170,19,13112.980000000001,690.1568421052631,7609,76,465,1
16192,643,1,351.3,351.3,208,11,0,0
16193,144,2,630.4300000000001,315.21500000000003,379,38,174,0
16194,283,1,308.6,308.6,140,8,0,0
16195,631,1,323.25,323.25,123,16,0,0
16196,396,1,93.3,93.3,26,4,0,0
16197,377,9,2016.71,224.07888888888888,1420,52,254,0
16198,345,1,629.36,629.36,255,18,0,1
16199,300,7,942.75,134.67857142857142,321,2,238,0
16200,72,11,5089.8,462.70909090909095,2783,281,573,1
16201,17,2,552.45,276.225,343,32,305,1
16202,268,9,2501.9900000000002,277.99888888888887,1307,105,376,0
16203,55,5,729.24,145.848,433,48,356,1
16204,288,2,534.53,267.265,453,47,350,1
16205,87,4,1174.83,293.7075,1000,109,362,1
16206,32,12,2462.67,205.2225,1310,183,559,1
16208,197,9,3273.78,363.75333333333333,1451,164,363,1
16209,27,8,4001.06,500.1325,1819,49,427,1
16210,6,28,23913.63,854.0582142857144,9219,122,638,1
16211,329,2,543.5699999999999,271.78499999999997,365,12,16,1
16212,191,3,1101.52,367.17333333333335,478,61,386,1
16214,78,4,2038.25,509.5625,1308,84,264,0
16216,175,1,914.9300000000001,914.9300000000001,254,37,0,0
16217,143,2,304.25,152.125,91,13,46,0
16218,22,12,3519.47,293.2891666666667,2463,77,446,1
16219,408,1,40.8,40.8,48,1,0,0
16221,183,8,1474.43,184.30375,1002,117,210,1
16222,226,2,1272.05,636.025,463,133,402,0
16223,282,2,1087.05,543.5250000000001,643,101,20,0
16224,49,4,1187.12,296.78000000000003,1237,82,246,1
16225,57,14,2716.63,194.04500000000002,1239,188,520,1
16226,111,5,672.17,134.43400000000003,521,23,210,0
16227,133,3,1027.22,342.4066666666667,436,28,310,0
16228,293,3,885.71,295.2366666666667,555,45,14,0
16229,120,5,2215.46,443.092,1066,120,351,1
16230,97,2,542.03,271.015,365,32,30,0
16231,287,4,1074.47,268.6175,563,69,218,0
16232,51,6,2447.13,407.855,1737,60,406,1
16233,237,8,1608.13,201.01625,593,37,407,1
16234,384,3,333.18,111.06,170,13,85,0
16235,94,7,1851.69,264.52714285714285,709,75,283,1
16237,345,1,136.65,136.65,57,7,0,0
16238,330,1,63.66,63.66,85,6,0,0
16239,97,5,1425.9,285.18,646,21,273,1
16241,4,13,3180.98,244.69076923076923,1766,438,313,1
16242,73,10,4671.38,467.13800000000003,2327,273,468,1
16244,119,2,1522.75,761.375,855,88,160,0
16245,29,2,769.7,384.85,430,49,135,1
16246,367,2,821.35,410.675,336,79,209,0
16247,78,1,114.56,114.56,182,16,0,0
16249,20,4,1440.77,360.1925,762,48,126,1
16250,169,3,565.24,188.41333333333333,268,29,125,0
16251,420,1,128.31,128.31,44,20,0,0
16252,290,1,295.09000000000003,295.09000000000003,158,21,0,0
16253,163,6,5288.74,881.4566666666666,4137,170,475,1
16254,286,3,967.44,322.48,543,65,253,0
16255,3,14,4092.88,292.34857142857146,2570,219,588,1
16256,174,3,1629.37,543.1233333333333,1590,27,331,0
16257,84,1,46.95,46.95,2,2,0,0
16258,35,14,10480.07,748.5764285714286,6551,216,512,1
16259,318,3,340.94,113.64666666666666,143,75,194,0
16261,21,4,722.61,180.6525,347,89,329,1
16262,286,1,755.15,755.15,446,46,0,0
16263,331,1,348.16,348.16,197,19,0,0
16264,346,2,823.53,411.765,616,62,7,0
16265,18,10,5550.1900000000005,555.019,2439,161,296,1
16266,23,13,1657.18,127.47538461538463,746,67,557,1
16267,499,1,186.66,186.66,198,7,0,0
16269,345,1,717.57,717.57,579,53,0,0
16270,261,1,1141.24,1141.24,688,54,0,0
16271,34,8,2861.61,357.70125,2007,146,516,1
16272,24,1,411.7,411.7,224,25,0,0
16273,556,2,318.34000000000003,159.17000000000002,40,15,7,0
16274,281,1,351.75,351.75,153,64,0,0
16275,104,3,2151.11,717.0366666666667,1268,105,444,0
16276,84,3,2629.3900000000003,876.4633333333335,1467,20,430,0
16277,641,1,188.69,188.69,33,23,0,0
16278,8,3,1117.84,372.6133333333333,342,50,399,0
16279,84,7,4554.58,650.6542857142857,2793,175,419,1
16280,633,1,238.05,238.05,101,16,0,0
16281,331,2,1361.96,680.98,636,19,258,1
16282,247,3,1307.5800000000002,435.85999999999996,790,31,378,0
16283,28,6,3365.86,560.9766666666667,2072,334,528,1
16284,301,1,205.8,205.8,139,30,0,1
16285,554,1,176.9,176.9,60,31,0,0
16286,385,2,328.95,164.475,101,17,146,0
16287,77,5,1006.98,201.39600000000002,1426,18,519,0
16288,378,1,129.85,129.85,19,7,0,0
16289,370,1,136.31,136.31,97,21,0,0
16290,372,4,1957.7,489.425,957,85,101,0
16291,590,1,117.72,117.72,1,1,0,0
16292,29,5,1253.76,250.752,688,51,482,0
16293,115,9,3159.9500000000003,351.1055555555556,1364,130,521,1
16294,384,1,126.05000000000001,126.05000000000001,54,8,0,0
16296,534,4,1313.67,328.4175,645,56,95,0
16297,176,1,301.9,301.9,206,20,0,0
16298,94,5,601.8,120.35999999999999,160,20,255,1
16299,385,1,193.65,193.65,107,12,0,0
16300,338,3,1367.32,455.77333333333337,643,190,245,0
16301,644,1,107.33,107.33,41,6,0,0
16302,34,1,233.22,233.22,158,11,0,0
16303,23,6,6603.97,1100.6616666666666,3225,149,515,1
16304,602,1,381.66,381.66,228,25,0,0
16305,46,1,361.22,361.22,256,22,0,0
16306,121,7,1124.72,160.67428571428573,712,55,221,0
16307,337,3,1194.92,398.3066666666667,1123,69,147,0
16308,15,6,4160.0,693.3333333333334,13000,1,616,1
16309,14,2,706.57,353.28499999999997,467,39,134,0
16310,322,2,460.08,230.04,270,26,227,0
16312,340,1,171.15,171.15,53,10,0,0
16314,297,3,1491.4,497.1333333333334,636,58,83,0
16315,238,2,402.71,201.35500000000002,143,21,205,0
16316,65,12,5018.81,418.2341666666667,2758,181,336,1
16317,27,5,2192.51,438.50200000000007,1236,103,465,0
16319,125,1,404.40000000000003,404.40000000000003,72,3,0,0
16320,80,6,5628.99,938.1650000000001,3319,193,509,0
16321,213,5,454.55,90.91,187,14,433,1
16323,104,2,353.66,176.83,146,4,381,0
16324,36,3,408.59000000000003,136.1966666666667,270,100,48,0
16325,63,11,3419.28,310.8436363636364,2390,103,580,1
16326,4,18,3206.7,178.14999999999998,718,185,583,1
16327,107,14,8809.01,629.215,7182,270,526,1
16328,471,1,310.83,310.83,141,16,0,0
16329,335,4,1664.92,416.23,797,83,311,0
16330,20,6,422.43,70.405,202,86,550,1
16331,340,6,2037.7,339.6166666666667,756,33,210,0
16332,38,7,1068.98,152.71142857142857,600,81,458,1
16333,6,18,15619.6,867.7555555555556,24352,8,210,1
16334,400,1,263.73,263.73,206,54,0,0
16335,459,7,2753.52,393.36,1004,193,184,0
16336,328,4,3517.69,879.4224999999999,1473,64,211,0
16338,65,1,214.8,214.8,94,11,0,0
16339,192,1,94.05,94.05,21,17,0,0
16340,15,3,1496.24,498.7466666666666,1319,277,444,0
16341,109,4,2676.57,669.1425,2158,81,408,1
16342,15,3,283.71000000000004,94.57000000000001,145,10,71,1
16343,315,1,285.54,285.54,170,28,0,1
16344,66,4,842.42,210.605,706,43,510,0
16345,391,1,613.33,613.33,323,68,0,1
16346,293,1,224.51,224.51,289,15,0,0
16347,296,9,2595.51,288.39000000000004,1374,167,249,1
16348,36,5,1067.06,213.41199999999998,759,142,302,1
16349,198,1,53.5,53.5,9,9,0,0
16350,241,6,1514.1200000000001,252.35333333333332,728,59,94,1
16351,240,13,3330.03,256.15615384615387,2165,124,402,0
16353,11,28,6445.66,230.20214285714286,2688,72,628,1
16354,287,3,723.66,241.22,442,87,211,1
16355,283,1,416.35,416.35,179,47,0,0
16356,105,6,415.87,69.31166666666667,190,27,354,0
16357,70,3,467.44,155.81333333333336,198,22,218,1
16358,92,2,1354.3000000000002,677.1500000000001,984,61,210,1
16359,2,14,2358.06,168.43285714285713,1457,77,567,1
16362,345,1,212.17000000000002,212.17000000000002,127,13,0,1
16364,45,1,346.3,346.3,114,28,0,1
16365,31,13,2489.48,191.49846153846153,855,86,605,1
16366,490,3,1220.83,406.9433333333333,626,57,141,1
16367,270,2,716.9,358.45000000000005,547,119,20,1
16368,343,1,141.53,141.53,56,20,0,1
16369,104,5,1465.6000000000001,293.12,758,42,414,1
16370,25,3,944.49,314.83,519,133,107,1
16371,356,1,157.2,157.2,108,11,0,0
16372,317,3,934.58,311.5266666666667,564,203,197,1
16373,290,2,309.49,154.745,119,25,29,0
16374,170,4,1410.87,352.7175,585,227,326,1
16375,378,2,104.0,52.0,74,11,0,0
16377,175,2,1308.48,654.24,2928,6,350,0
16378,155,3,362.95,120.98333333333333,267,22,63,0
16381,303,2,247.85,123.925,108,60,22,0
16382,316,2,353.1,176.55,167,42,142,0
16383,176,6,2562.39,427.065,1427,219,404,1
16384,171,3,1183.55,394.51666666666665,801,71,326,1
16385,66,4,600.3100000000001,150.0775,370,79,473,1
16386,161,2,826.69,413.345,521,55,134,1
16387,230,5,882.46,176.492,448,68,315,0
16388,561,1,186.05,186.05,83,13,0,0
16389,113,2,670.1700000000001,335.085,307,16,77,1
16390,444,3,467.5,155.83333333333334,122,16,142,0
16391,308,4,1052.26,263.065,715,261,161,0
16392,177,3,756.7,252.23333333333332,604,125,292,0
16393,2,19,4018.78,211.51473684210526,2441,296,644,1
16394,79,3,933.1,311.03333333333336,1404,49,118,1
16395,76,12,3000.65,250.05416666666667,2325,371,565,1
16396,384,1,137.8,137.8,80,8,0,0
16397,536,1,123.13,123.13,43,9,0,0
16398,62,2,1705.8,852.9000000000001,758,75,99,0
16399,143,2,400.61,200.305,348,65,153,1
16400,2,9,3059.85,339.98333333333335,2066,214,636,0
16401,39,18,5206.25,289.2361111111111,4473,100,423,1
16402,172,2,293.45,146.725,146,55,104,0
16403,220,1,177.5,177.5,114,10,0,0
16405,210,2,167.25,83.625,187,3,7,0
16406,358,2,374.01,187.005,141,85,203,1
16407,18,12,2164.34,180.36166666666668,1101,101,322,1
16408,499,1,231.93,231.93,227,45,0,0
16409,58,10,4663.13,466.313,3035,316,575,1
16410,642,1,130.32,130.32,348,5,0,0
16411,277,3,673.24,224.41333333333333,399,119,58,1
16412,301,4,457.2,114.3,225,72,279,1
16413,283,1,259.83,259.83,135,32,0,1
16414,188,4,475.76,118.94000000000001,190,56,414,1
16415,491,2,496.49,248.245,330,78,92,1
16416,298,6,1906.48,317.74666666666667,1526,92,264,1
16417,400,1,35.7,35.7,6,1,0,0
16418,0,4,765.98,191.495,458,94,329,1
16419,20,8,1463.7,182.9625,701,62,555,0
16420,304,1,75.0,75.0,120,2,0,0
16421,284,3,526.27,175.42333333333332,123,35,93,0
16422,7,97,56354.17,580.9708247422681,58127,111,597,1
16424,99,2,443.06,221.53,212,10,191,0
16425,210,1,302.7,302.7,199,21,0,0
16426,0,4,689.83,172.4575,414,64,183,1
16427,171,2,241.06,120.53,156,8,21,0
16428,321,3,638.49,212.83,575,121,84,0
16429,14,1,284.55,284.55,9,2,0,0
16430,289,6,817.09,136.18166666666667,204,17,300,1
16431,121,3,623.28,207.76,442,51,84,0
16433,316,1,200.26,200.26,108,17,0,1
16434,4,9,2060.73,228.97,992,90,594,1
16435,420,3,1003.0699999999999,334.3566666666667,608,119,2,0
16436,576,3,319.14,106.38,227,37,64,0
16437,289,2,301.25,150.625,197,17,48,0
16439,630,1,310.70000000000005,310.70000000000005,74,9,0,0
16440,122,2,488.76,244.38,205,58,279,1
16441,199,4,848.9300000000001,212.23250000000002,415,60,335,1
16442,135,4,715.11,178.7775,489,165,499,0
16443,428,1,162.24,162.24,96,1,0,0
16444,3,16,3512.61,219.538125,1875,208,530,1
16445,294,3,352.65,117.55,176,93,24,1
16446,113,1,2.9,2.9,2,2,0,0
16447,43,3,727.1,242.36666666666667,315,59,524,0
16448,106,2,361.12,180.56,176,45,272,0
16449,105,2,707.69,353.845,367,40,82,0
16450,57,3,1505.73,501.91,681,36,506,0
16451,469,2,746.1800000000001,373.09000000000003,404,50,174,1
16452,538,2,332.17,166.085,199,14,63,0
16453,438,2,251.71,125.855,139,15,17,0
16454,514,2,24.05,12.025,6,2,4,1
16455,2,10,3477.77,347.777,2619,96,525,1
16456,7,13,6000.94,461.6107692307692,3296,226,521,0
16457,126,1,208.36,208.36,140,9,0,0
16458,14,23,4359.65,189.54999999999998,2601,82,456,1
16459,637,1,71.78999999999999,71.78999999999999,59,5,0,0
16461,85,3,1545.83,515.2766666666666,933,223,468,0
16462,93,2,68.0,34.0,8,1,98,1
16463,112,1,319.37,319.37,179,19,0,1
16464,50,1,380.33,380.33,310,88,0,1
16465,328,2,746.24,373.12,504,45,23,0
16466,11,13,3170.76,243.9046153846154,1521,178,538,1
16467,416,7,2869.16,409.88,7384,14,228,0
16468,378,2,712.62,356.31,340,37,11,1
16469,154,3,446.78000000000003,148.92666666666668,183,73,267,1
16470,23,10,2203.21,220.321,1171,254,612,1
16471,182,4,1189.98,297.495,670,48,377,0
16472,342,2,789.6,394.79999999999995,252,39,163,0
16473,72,4,470.83,117.7075,296,26,209,0
16474,53,1,341.35,341.35,193,82,0,1
16475,51,3,459.3,153.1,318,22,130,1
16476,339,1,350.35,350.35,187,24,0,0
16477,39,10,3599.17,359.91700000000003,2191,163,353,1
16481,590,1,453.38,453.38,201,16,0,0
16483,100,1,139.35,139.35,44,19,0,0
16484,81,2,404.3,202.14999999999998,200,25,17,0
16485,340,4,1923.54,480.885,918,93,301,1
16486,445,1,134.36,134.36,24,7,0,0
16487,485,2,209.4,104.7,163,28,81,0
16488,22,2,354.57,177.285,619,22,33,1
16489,288,2,303.7,151.85,38,4,55,0
16490,344,1,205.41000000000003,205.41000000000003,113,13,0,0
16491,321,1,801.66,801.66,582,48,0,1
16492,448,1,385.56,385.56,235,23,0,0
16493,81,6,1562.75,260.4583333333333,1530,62,450,1
16494,204,1,826.53,826.53,675,47,0,0
16495,184,2,246.51,123.255,166,32,0,1
16496,115,5,1916.29,383.258,1437,101,301,1
16497,111,22,5280.29,240.0131818181818,2443,204,532,1
16498,69,2,100.97,50.485,45,15,0,0
16499,268,8,2578.34,322.2925,1364,104,186,0
16500,238,4,608.05,152.0125,264,20,212,1
16501,291,1,1191.23,1191.23,628,181,0,0
16502,528,2,258.55,129.275,220,41,0,0
16503,14,11,3614.34,328.5763636363636,1535,161,429,0
16507,480,1,142.71,142.71,111,37,0,0
16508,538,1,240.95,240.95,103,42,0,0
16509,204,1,363.70000000000005,363.70000000000005,64,13,0,0
16510,280,6,1777.5,296.25,930,94,319,0
16511,52,5,1407.86,281.572,631,189,503,1
16515,58,8,2539.54,317.4425,1291,164,389,1
16517,185,1,162.70000000000002,162.70000000000002,96,17,0,0
16518,192,3,665.75,221.91666666666666,321,39,272,1
16519,273,3,327.68,109.22666666666667,120,25,283,1
16520,94,6,2148.38,358.06333333333333,1045,251,460,0
16521,323,3,1140.11,380.03666666666663,1014,212,232,0
16522,343,2,433.36,216.68,212,16,14,0
16523,3,20,7743.81,387.19050000000004,3039,121,588,1
16524,354,2,306.19,153.095,259,50,245,0
16525,7,43,21496.2,499.9116279069768,12858,109,638,1
16526,79,2,717.21,358.605,279,30,412,0
16527,332,1,1004.88,1004.88,602,58,0,1
16529,98,4,1986.8,496.7,739,87,340,0
16530,576,1,48.35,48.35,17,3,0,0
16531,35,8,1738.27,217.28375,1515,91,314,1
16532,43,4,6524.639999999999,1631.16,2064,2,485,1
16534,550,1,635.9,635.9,168,36,0,0
16535,293,2,378.28999999999996,189.14499999999998,308,36,294,1
16536,18,1,548.12,548.12,250,49,0,0
16537,549,1,23.35,23.35,59,3,0,0
16538,449,3,395.07,131.69,254,35,54,0
16539,127,9,2954.46,328.2733333333333,958,81,312,1
16540,322,1,205.75,205.75,105,25,0,0
16541,643,1,424.03,424.03,173,38,0,0
16542,309,1,137.7,137.7,96,9,0,1
16543,499,1,292.21,292.21,317,18,0,0
16544,427,4,376.70000000000005,94.17500000000001,150,8,142,0
16545,72,2,689.8199999999999,344.90999999999997,322,6,210,0
16546,198,5,5307.07,1061.414,4211,75,151,0
16547,454,1,104.25999999999999,104.25999999999999,108,25,0,0
16548,507,1,30.15,30.15,6,6,0,0
16549,32,26,9527.26,366.43307692307695,5306,687,496,1
16550,16,18,8813.58,489.6433333333333,5405,274,628,0
16551,3,7,2237.12,319.5885714285714,2076,67,630,0
16552,150,2,379.73,189.865,219,17,130,0
16553,71,33,16584.01,502.54575757575765,16427,195,502,0
16554,130,7,2318.73,331.2471428571429,1073,90,502,1
16555,17,5,1781.77,356.354,1731,54,395,1
16556,13,16,7255.16,453.4475,3805,251,627,1
16557,45,1,101.15,101.15,13,6,0,1
16558,0,32,9650.79,301.5871875,5688,305,643,1
16559,305,1,175.0,175.0,61,17,0,0
16560,266,7,2539.15,362.7357142857143,1272,111,373,1
16562,384,1,223.86,223.86,264,34,0,0
16563,308,5,3334.82,666.964,2098,46,337,1
16564,477,1,87.80000000000001,87.80000000000001,40,5,0,0
16565,272,4,773.05,193.2625,211,7,191,0
16566,78,3,463.88,154.62666666666667,216,9,122,1
16567,102,2,865.6,432.79999999999995,996,34,142,0
16568,335,2,1020.9,510.45,366,5,213,0
16569,539,4,1331.03,332.75750000000005,895,23,92,1
16570,35,16,5829.9800000000005,364.37375000000003,3607,100,492,1
16571,84,9,3723.84,413.76,3355,136,455,1
16572,35,3,1009.6,336.5333333333333,532,40,148,0
16573,198,1,292.63,292.63,111,16,0,1
16574,331,2,850.34,425.16999999999996,586,58,234,1
16576,328,2,540.87,270.435,323,32,101,0
16577,574,1,380.0,380.0,142,23,0,0
16578,534,1,156.6,156.6,108,9,0,0
16579,333,1,295.05,295.05,119,14,0,0
16581,90,1,105.84,105.84,134,9,0,0
16582,21,1,313.62,313.62,164,6,0,0
16583,281,2,297.95,148.975,153,18,299,0
16584,162,4,2832.03,708.0075,1755,52,407,1
16585,501,2,341.59000000000003,170.79500000000002,151,16,101,0
16586,156,3,1462.78,487.5933333333333,348,27,386,0
16587,140,1,225.15,225.15,71,13,0,0
16588,294,4,1361.28,340.32,882,64,188,0
16589,14,3,367.8,122.60000000000001,324,22,343,1
16590,308,2,605.9,302.95,240,26,13,0
16592,44,22,5908.56,268.5709090909091,4362,187,584,1
16593,97,7,996.61,142.37285714285716,346,53,545,1
16595,284,4,1397.59,349.3975,996,286,315,1
16596,274,3,329.48,109.82666666666667,130,17,363,1
16598,193,1,145.05,145.05,73,10,0,0
16599,293,1,172.8,172.8,159,12,0,0
16600,161,9,1577.35,175.2611111111111,1643,77,468,1
16601,298,2,434.3,217.15,258,38,232,1
16602,296,1,235.25,235.25,93,11,0,1
16604,470,2,432.45000000000005,216.22500000000002,175,10,5,0
16605,632,1,60.48,60.48,144,1,0,0
16606,312,2,357.66,178.83,148,16,30,0
16607,36,21,4626.74,220.32095238095238,3647,173,461,1
16608,361,2,1286.6200000000001,643.31,612,94,209,0
16609,43,5,2710.04,542.008,1245,103,117,1
16610,127,1,75.66,75.66,66,6,0,0
16611,94,6,1785.13,297.5216666666667,874,86,452,0
16612,27,8,2928.07,366.00875,1307,100,616,1
16614,90,3,1179.79,393.2633333333333,349,37,395,0
16615,534,1,291.5,291.5,211,19,0,0
16616,65,1,210.10000000000002,210.10000000000002,110,11,0,1
16617,143,1,151.85,151.85,91,5,0,0
16618,118,4,1441.29,360.3225,771,44,111,1
16619,171,4,1938.3300000000002,484.58250000000004,1055,103,391,0
16620,168,5,1675.73,335.146,1106,74,477,1
16621,55,3,609.41,203.13666666666668,187,17,130,1
16622,451,1,225.4,225.4,44,12,0,0
16623,153,4,1015.24,253.81,442,44,346,0
16624,105,1,426.43,426.43,196,21,0,1
16625,182,5,1654.03,330.806,1057,82,269,0
16626,21,7,2165.34,309.3342857142857,1108,74,153,1
16628,14,6,1749.89,291.64833333333337,899,69,534,1
16629,4,1,227.68,227.68,212,46,0,1
16630,315,1,106.80000000000001,106.80000000000001,72,4,0,0
16631,389,7,1892.52,270.36,775,46,170,0
16632,393,2,406.4,203.2,256,22,95,0
16633,22,3,1168.26,389.42,463,51,119,1
16634,130,6,1649.81,274.9683333333333,1257,72,465,0
16635,314,1,473.0,473.0,277,25,0,0
16636,346,4,3802.04,950.51,2186,62,207,0
16637,31,2,530.55,265.275,351,29,102,1
16638,7,14,2250.35,160.7392857142857,1571,123,379,1
16639,114,3,961.62,320.54,400,48,202,1
16640,305,1,179.4,179.4,146,13,0,0
16641,13,2,554.5,277.25,454,36,596,0
16642,115,2,696.85,348.425,427,33,207,1
16643,153,2,923.11,461.555,553,48,176,0
16644,85,2,833.78,416.89,826,62,34,0
16645,643,1,160.39,160.39,117,14,0,0
16646,357,1,678.8,678.8,1072,29,0,0
16647,77,4,541.9,135.475,396,28,374,0
16648,363,2,382.14,191.07,222,18,134,1
16649,428,1,306.58,306.58,82,20,0,0
16650,328,6,1397.69,232.94833333333335,1139,53,99,1
16651,494,1,136.2,136.2,60,6,0,0
16652,17,14,15302.29,1093.0207142857143,6271,111,523,1
16654,49,8,1484.07,185.50875000000002,640,64,471,0
16655,39,10,4500.93,450.093,2608,338,545,1
16656,3,26,15324.050000000001,589.3865384615385,13681,21,639,1
16657,56,2,414.79,207.395,597,111,105,1
16658,276,6,690.83,115.13833333333334,277,49,250,0
16659,97,1,39.12,39.12,72,2,0,0
16660,118,5,996.26,199.252,648,10,483,1
16661,448,4,932.76,233.19,364,50,181,0
16662,302,1,151.05,151.05,35,28,0,0
16663,637,1,165.0,165.0,100,1,0,0
16664,477,1,109.2,109.2,24,8,0,0
16665,270,1,135.4,135.4,59,9,0,0
16666,529,1,98.73,98.73,121,15,0,1
16667,192,1,200.4,200.4,77,20,0,1
16668,24,12,822.22,68.51833333333333,713,28,514,1
16670,14,17,7174.22,422.0129411764706,4130,232,623,1
16671,72,1,1382.88,1382.88,656,3,0,1
16672,7,17,6911.84,406.57882352941175,2474,22,167,1
16673,587,1,171.13,171.13,95,19,0,0
16674,6,1,115.1,115.1,61,33,0,1
16675,349,2,608.86,304.43,296,21,36,0
16676,121,5,1868.28,373.656,703,90,205,1
16677,319,2,880.62,440.31,457,45,240,0
16678,6,8,2137.3,267.1625,1638,76,184,1
16679,274,3,663.31,221.10333333333332,247,15,180,0
16680,436,2,637.75,318.875,283,16,6,1
16681,52,5,1484.18,296.836,1135,19,496,1
16682,0,3,810.22,270.0733333333333,762,15,95,1
16683,441,1,320.25,320.25,190,18,0,0
16684,41,45,114372.71,2541.615777777778,79040,156,599,1
16686,6,15,4321.13,288.07533333333333,3086,479,635,1
16687,298,1,157.63,157.63,141,8,0,0
16690,109,3,213.95,71.31666666666666,117,7,249,1
16691,326,2,178.83,89.41499999999999,92,11,143,0
16692,164,4,1914.6999999999998,478.67499999999995,878,3,185,0
16693,179,4,855.03,213.7575,505,117,384,1
16694,631,1,98.30000000000001,98.30000000000001,26,3,0,0
16695,469,2,191.9,95.95,184,30,0,0
16696,43,4,657.9,164.475,146,7,112,0
16697,149,1,112.75,112.75,27,20,0,0
16698,134,2,1998.0,999.0,840,4,26,0
16699,288,7,994.6,142.0857142857143,640,51,355,0
16700,29,22,7850.17,356.8259090909091,5860,246,615,1
16701,37,23,8568.85,372.5586956521739,9611,135,608,1
16702,323,4,1110.83,277.7075,692,84,316,0
16704,526,2,664.16,332.08,433,50,53,0
16705,6,32,39260.411,1226.88784375,20752,358,631,1
16706,6,2,411.55,205.77499999999998,220,98,15,1
16707,308,4,533.41,133.3525,396,64,239,0
16709,107,13,8010.73,616.2099999999999,2931,199,530,1
16710,46,19,5288.44,278.33894736842103,3736,497,597,1
16711,48,7,2127.32,303.90285714285716,632,17,597,1
16712,3,10,3111.37,311.137,1501,217,306,1
16713,23,28,11175.55,399.1267857142857,6355,460,608,1
16714,126,4,1497.33,374.3325,828,95,451,0
16715,470,1,323.8,323.8,532,9,0,1
16716,174,3,2149.6800000000003,716.5600000000001,912,7,363,0
16717,3,12,4380.26,365.0216666666667,2041,190,636,1
16718,277,5,3006.08,601.216,1924,123,363,0
16719,56,12,3027.28,252.27333333333334,1918,186,577,1
16720,284,2,605.79,302.895,280,107,345,1
16721,170,1,292.47,292.47,172,37,0,0
16722,7,19,7115.33,374.49105263157895,6709,140,636,1
16723,15,3,1066.36,355.4533333333334,957,107,627,1
16724,312,1,147.35,147.35,69,17,0,0
16725,210,14,1688.26,120.59,700,242,424,0
16726,104,6,1482.3,247.04999999999998,890,117,214,1
16727,272,4,1377.77,344.4425,1066,158,324,0
16728,74,3,548.31,182.76999999999998,320,113,97,1
16729,7,17,5343.27,314.31,3989,140,142,1
16730,142,2,480.94,240.47,750,35,84,1
16731,556,1,170.3,170.3,124,40,0,0
16732,311,3,3783.89,1261.2966666666669,2097,177,328,1
16733,437,1,259.68,259.68,112,12,0,0
16734,22,2,302.40999999999997,151.20499999999998,108,27,0,1
16735,6,13,5911.15,454.7038461538462,4034,163,633,1
16736,413,5,2956.56,591.312,1050,116,230,0
16737,485,1,417.6,417.6,288,1,0,1
16738,205,1,3.75,3.75,3,1,0,0
16739,84,2,786.4300000000001,393.21500000000003,391,33,359,0
16740,303,1,226.91,226.91,110,30,0,0
16741,533,1,173.06,173.06,81,11,0,0
16742,400,13,2334.9700000000003,179.61307692307693,2557,50,230,1
16743,21,13,3859.92,296.91692307692307,3338,111,483,1
16744,4,3,399.11,133.03666666666666,240,74,76,1
16745,6,16,6359.1,397.44375,5771,144,213,1
16746,8,36,15770.17,438.0602777777778,9815,338,634,1
16748,125,12,3031.63,252.63583333333335,1739,48,511,1
16749,499,2,4157.88,2078.94,1910,53,132,0
16750,29,3,416.12,138.70666666666668,138,44,110,1
16752,280,1,207.5,207.5,54,9,0,0
16754,280,29,65500.07,2258.6231034482757,63551,38,269,0
16755,22,7,2864.68,409.24000000000007,1985,219,615,0
16756,122,7,1312.3700000000001,187.48142857142858,707,64,425,0
16757,226,2,270.48,135.24,180,13,90,0
16760,338,1,228.0,228.0,168,17,0,0
16761,4,1,316.62,316.62,341,13,0,0
16762,52,1,314.15000000000003,314.15000000000003,143,13,0,1
16763,106,2,964.6999999999999,482.34999999999997,492,44,539,0
16764,7,4,782.5500000000001,195.63750000000002,363,110,43,1
16765,202,2,454.75,227.375,311,52,88,0
16766,181,2,1145.6,572.8,536,17,0,0
16767,1,11,7301.66,663.7872727272727,6592,198,496,1
16768,11,8,1506.97,188.37125,666,103,628,1
16769,168,4,1117.05,279.2625,295,76,465,0
16770,144,8,1671.21,208.90125,961,174,237,1
16771,183,8,3358.7400000000002,419.8425,1871,262,455,1
16772,331,3,3698.05,1232.6833333333334,687,54,298,0
16773,344,2,249.65,124.825,81,34,297,1
16774,24,7,1448.16,206.88000000000002,678,75,544,1
16775,30,13,2303.88,177.22153846153847,801,114,319,1
16776,323,1,220.97,220.97,181,48,0,1
16777,165,4,1243.08,310.77000000000004,456,118,375,1
16778,182,1,93.18,93.18,66,5,0,1
16779,14,46,28574.04,621.1747826086956,17700,279,629,1
16780,8,3,596.4,198.79999999999998,352,73,306,0
16781,280,2,623.0,311.5,192,36,297,0
16782,46,34,8998.57,264.66382352941173,3823,566,592,1
16783,344,1,391.95,391.95,163,25,0,0
16784,284,4,784.73,196.1825,470,137,244,1
16785,317,1,533.78,533.78,313,35,0,0
16786,301,1,51.84,51.84,72,1,0,0
16787,305,4,1017.53,254.3825,472,102,300,0
16788,31,5,1928.93,385.786,965,348,547,0
16791,30,13,3043.72,234.13230769230768,1432,317,613,1
16792,190,5,623.46,124.69199999999998,324,90,422,0
16794,16,9,1463.25,162.58333333333334,1270,210,515,1
16795,273,3,2062.41,687.4700000000001,1214,306,318,0
16797,301,5,1802.02,360.404,898,289,344,0
16798,462,3,841.16,280.38666666666666,205,141,174,0
16799,340,2,452.78000000000003,226.39,162,81,21,0
16801,71,4,1594.23,398.5575,493,72,110,0
16802,587,2,582.61,291.305,369,48,51,0
16804,178,1,118.05,118.05,34,19,0,1
16805,81,5,1091.34,218.26799999999997,1120,213,557,0
16806,11,4,762.16,190.54,356,68,135,0
16807,50,6,2123.88,353.98,1433,107,480,0
16808,7,2,288.42,144.21,196,21,175,0
16809,44,7,1283.43,183.34714285714287,812,99,468,1
16810,100,2,842.04,421.02,372,34,228,0
16812,268,4,2392.0,598.0,1116,98,21,0
16813,4,7,1146.84,163.8342857142857,1163,200,107,1
16814,16,31,10639.84,343.22064516129035,4276,237,498,1
16815,361,2,406.02,203.01,237,66,82,0
16816,11,4,417.06,104.265,274,28,254,0
16817,93,11,2135.38,194.12545454545455,1153,90,246,1
16818,1,9,2528.4700000000003,280.9411111111111,1582,132,112,1
16819,373,2,182.59,91.295,253,17,0,0
16820,3,1,497.61,497.61,307,26,0,0
16821,289,1,113.35,113.35,13,7,0,0
16822,594,1,181.39,181.39,171,11,0,0
16823,135,7,2243.09,320.4414285714286,1166,149,510,0
16824,72,2,448.5,224.25,288,24,229,1
16825,93,4,1370.41,342.60249999999996,1089,35,348,1
16827,301,5,392.13,78.426,125,10,195,0
16828,1,2,128.5,64.25,59,8,19,0
16829,64,2,513.32,256.66,215,25,231,0
16830,350,3,881.59,293.86333333333334,435,47,284,1
16831,472,1,91.8,91.8,48,6,0,0
16832,92,5,417.61,83.522,179,19,274,0
16833,167,5,1973.8,394.76,744,74,363,0
16834,135,2,898.96,449.48,760,43,446,0
16835,36,6,1456.66,242.77666666666667,496,58,441,0
16836,24,3,621.82,207.27333333333334,458,33,457,1
16837,65,9,1911.74,212.41555555555558,727,77,88,1
16838,105,4,1159.6100000000001,289.90250000000003,509,53,465,0
16839,17,32,16033.18,501.036875,8044,119,556,1
16840,511,2,139.85,69.925,117,9,71,0
16841,45,11,3697.3,336.1181818181818,3106,175,559,1
16842,8,3,1264.19,421.3966666666667,693,45,201,0
16843,1,32,18184.1,568.2531250000001,17377,283,635,1
16844,470,2,614.34,307.17,281,26,20,0
16845,526,1,253.88,253.88,167,20,0,0
16846,485,2,628.09,314.045,382,36,62,1
16847,526,1,421.45,421.45,177,25,0,1
16848,284,3,1130.2,376.73333333333335,598,64,56,1
16849,94,1,124.57,124.57,33,8,0,0
16850,241,1,332.41,332.41,249,19,0,0
16852,84,1,113.06,113.06,51,7,0,1
16854,325,2,1408.96,704.48,997,72,223,0
16856,325,2,323.09000000000003,161.54500000000002,159,15,24,1
16857,350,1,352.8,352.8,168,11,0,0
16858,276,10,4292.59,429.259,1423,75,355,0
16859,52,7,1932.41,276.0585714285714,1899,87,500,0
16860,360,3,1610.62,536.8733333333333,625,35,209,0
16861,66,4,843.63,210.9075,500,38,350,1
16862,455,4,662.33,165.5825,513,34,154,0
16863,274,2,495.72,247.86,336,27,42,1
16864,342,2,409.25,204.625,283,17,164,0
16865,309,1,130.95,130.95,157,15,0,0
16866,48,3,207.74,69.24666666666667,60,10,20,0
16867,597,1,76.74000000000001,76.74000000000001,58,6,0,0
16868,302,3,384.56,128.18666666666667,112,47,199,0
16869,73,2,387.68,193.84,242,56,9,1
16870,377,1,450.16,450.16,278,28,0,0
16871,118,4,2037.82,509.455,861,104,60,1
16872,13,5,997.79,199.558,933,10,357,1
16873,35,10,11365.24,1136.524,6816,174,541,1
16874,287,1,209.89000000000001,209.89000000000001,78,31,0,0
16875,52,10,3277.2,327.71999999999997,1518,123,559,1
16876,311,1,136.01,136.01,181,32,0,0
16877,60,2,188.98,94.49000000000001,104,46,56,1
16880,7,7,1414.9,202.12857142857143,763,101,393,1
16882,147,2,215.70000000000002,107.85000000000001,102,15,77,1
16883,95,19,2246.06,118.21368421052631,1016,159,548,0
16884,464,2,641.13,320.565,200,39,14,1
16885,265,2,412.14,206.07,215,66,28,1
16886,364,1,134.0,134.0,48,8,0,0
16887,308,2,465.84000000000003,232.92,267,65,337,1
16888,308,3,434.2,144.73333333333332,145,44,300,0
16889,102,6,2526.65,421.10833333333335,1611,163,371,0
16890,384,3,285.41,95.13666666666666,243,17,105,0
16891,3,9,1501.3,166.8111111111111,565,286,639,1
16892,91,3,339.54,113.17999999999999,208,57,547,1
16893,274,2,249.89000000000001,124.94500000000001,117,80,9,0
16894,410,3,1306.96,435.65333333333336,503,186,33,0
16895,346,4,900.63,225.1575,330,82,227,1
16896,463,1,103.95,103.95,18,18,0,0
16897,207,2,289.78,144.89,73,37,14,0
16898,85,4,697.95,174.4875,527,174,399,1
16899,57,5,934.89,186.978,516,88,247,1
16901,637,1,204.26,204.26,42,23,0,0
16902,24,1,1706.88,1706.88,629,43,0,0
16903,288,2,678.55,339.275,470,107,35,1
16904,2,19,3970.16,208.9557894736842,2225,437,316,1
16905,144,13,2491.35,191.6423076923077,792,106,492,1
16906,94,6,1244.32,207.38666666666668,510,141,388,1
16907,56,8,1201.1200000000001,150.14000000000001,382,94,378,1
16908,630,1,252.59,252.59,61,20,0,0
16911,543,2,255.25,127.625,161,30,25,0
16912,42,11,3443.51,313.04636363636365,1249,102,596,1
16913,198,3,423.91,141.3033333333333,229,18,361,0
16915,35,9,1303.89,144.87666666666667,117,37,441,1
16916,280,3,536.04,178.67999999999998,320,100,43,1
16917,184,2,1851.88,925.94,792,45,355,0
16918,3,13,2960.42,227.7246153846154,1907,261,641,1
16919,64,24,4909.66,204.56916666666666,2333,230,320,0
16920,319,1,355.45,355.45,81,23,0,0
16921,350,2,255.03,127.515,121,28,157,1
16922,480,1,611.08,611.08,281,122,0,0
16923,7,27,10851.99,401.92555555555555,5004,348,578,1
16925,448,1,125.65,125.65,123,18,0,0
16926,279,5,1169.6100000000001,233.92199999999997,197,63,155,0
16927,23,3,543.05,181.01666666666665,993,5,245,0
16928,2,27,3453.48,127.90666666666667,2246,132,580,1
16929,35,2,428.88,214.44,326,23,27,1
16931,11,16,3374.68,210.91750000000002,2190,365,294,1
16932,331,2,262.32,131.16,135,77,147,1
16933,147,8,2760.8,345.1,1372,193,490,0
16934,291,4,1152.1100000000001,288.02750000000003,539,77,237,1
16935,289,3,530.86,176.95333333333335,273,55,39,0
16936,293,1,286.39,286.39,168,81,0,1
16937,407,1,196.25,196.25,123,49,0,0
16938,87,8,6669.7300000000005,833.7162500000001,4826,541,480,1
16939,396,3,433.84999999999997,144.61666666666667,229,38,160,0
16940,77,7,5246.14,749.4485714285713,3570,309,562,1
16941,519,1,33.0,33.0,12,2,0,0
16942,44,7,1439.44,205.6342857142857,593,115,91,1
16943,119,5,1299.49,259.898,147,24,412,0
16944,517,1,101.36,101.36,27,7,0,0
16945,6,27,7209.72,267.0266666666667,5085,208,631,1
16946,291,5,1222.04,244.408,509,69,264,0
16947,143,5,955.21,191.042,655,50,410,0
16948,46,7,868.77,124.11,2091,20,517,0
16949,93,4,893.75,223.4375,386,32,130,1
16950,32,9,3141.62,349.06888888888886,2125,101,560,1
16951,42,3,1277.75,425.9166666666667,1318,73,169,0
16952,17,5,795.83,159.166,343,76,618,0
16954,32,15,5242.18,349.47866666666664,3776,81,565,1
16955,92,6,1120.31,186.71833333333333,723,33,492,0
16957,147,2,416.64,208.32,172,15,42,0
16958,343,1,778.49,778.49,514,69,0,0
16960,160,6,1685.36,280.8933333333334,1283,301,394,1
16961,24,3,794.56,264.8533333333333,482,52,415,0
16962,317,1,251.04,251.04,158,15,0,0
16963,95,1,110.55000000000001,110.55000000000001,35,7,0,0
16964,641,2,207.85,103.925,49,6,0,0
16965,134,1,201.19,201.19,291,26,0,0
16966,78,4,1486.56,371.64,1320,8,70,1
16967,97,1,319.02,319.02,333,21,0,0
16968,15,1,253.31,253.31,98,15,0,1
16969,42,2,478.96,239.48000000000002,740,32,57,1
16970,534,1,71.4,71.4,12,2,0,0
16972,290,2,749.0,374.5,183,54,73,0
16973,294,1,127.0,127.0,60,6,0,0
16974,430,2,365.5,182.75,70,5,41,0
16975,331,3,926.12,308.70666666666665,586,44,82,0
16976,175,1,251.51999999999998,251.51999999999998,88,2,0,0
16977,303,4,496.0,124.0,142,25,236,0
16978,574,2,424.55,212.275,119,28,0,1
16979,55,5,1563.39,312.678,721,44,302,1
16980,163,3,1422.83,474.27666666666664,990,91,173,0
16983,4,9,2770.01,307.7788888888889,1711,133,349,1
16984,38,8,9104.2,1138.025,4341,588,512,1
16985,65,20,9037.58,451.879,2558,119,571,1
16986,353,9,3015.55,335.06111111111113,1499,64,228,1
16987,78,7,1534.05,219.15000000000003,373,124,567,1
16988,287,1,256.55,256.55,115,13,0,1
16989,6,2,890.7,445.35,1086,7,52,1
16990,126,2,344.0,172.0,200,1,203,0
16991,329,1,1041.21,1041.21,793,74,0,0
16992,6,11,4834.54,439.50363636363636,1831,196,567,1
16993,371,2,1950.95,975.475,285,19,112,0
16996,29,8,1708.43,213.55375,765,30,296,1
16997,196,3,702.0,234.0,360,7,37,0
16998,57,5,402.0,80.4,104,2,294,0
17000,304,2,406.3,203.15000000000003,305,26,11,0
17001,21,15,5122.32,341.488,2960,94,511,1
17002,123,6,2071.34,345.22333333333336,1008,48,425,1
17003,310,4,828.21,207.0525,494,90,176,0
17004,0,3,1917.82,639.2733333333334,1016,39,331,1
17005,378,2,622.36,311.18,691,14,118,0
17006,300,4,853.49,213.3725,300,77,252,1
17007,63,6,805.61,134.26833333333335,466,47,282,1
17008,337,1,81.36,81.36,24,1,0,0
17009,459,1,242.06,242.06,336,10,0,0
17011,555,2,400.8,200.39999999999998,606,12,4,1
17012,633,1,360.61,360.61,251,34,0,0
17015,93,1,520.55,520.55,546,116,0,1
17016,484,1,552.4,552.4,309,41,0,0
17017,70,23,9314.01,404.95695652173913,7035,113,574,1
17018,233,5,1772.6,354.52,340,18,408,1
17019,169,10,3340.14,334.014,2234,308,475,1
17020,450,2,935.62,467.81,860,64,104,0
17021,350,6,1182.22,197.03666666666666,992,35,146,0
17022,340,1,189.0,189.0,72,9,0,1
17023,325,3,800.1800000000001,266.7266666666667,530,48,280,0
17024,7,2,56.25,28.125,45,1,58,1
17025,281,4,1152.8700000000001,288.21750000000003,789,28,268,1
17026,93,3,175.83,58.61000000000001,107,4,231,0
17027,87,7,1078.3,154.04285714285714,513,111,550,1
17028,489,3,1593.83,531.2766666666666,856,85,140,0
17029,18,7,2137.3,305.3285714285715,1265,19,553,0
17031,62,5,2619.45,523.89,1485,28,426,1
17032,455,8,2984.32,373.04,1667,183,181,0
17033,122,3,910.75,303.5833333333333,311,22,183,1
17034,195,3,672.7,224.23333333333335,382,31,225,1
17035,153,4,613.59,153.3975,327,29,491,0
17036,291,1,176.9,176.9,76,12,0,0
17038,323,1,630.77,630.77,507,41,0,1
17039,512,1,1954.99,1954.99,689,44,0,0
17040,45,2,463.25,231.625,189,15,412,0
17041,16,5,1334.6,266.91999999999996,915,80,491,1
17042,29,4,915.02,228.755,888,69,125,1
17043,86,6,1183.44,197.24,975,111,551,1
17044,282,11,11013.82,1001.2563636363636,5218,91,357,1
17045,21,5,827.6800000000001,165.536,294,44,316,0
17046,65,5,1906.07,381.21400000000006,1636,76,463,0
17047,113,5,1937.76,387.552,1003,98,526,1
17048,25,7,2071.68,295.95428571428573,1068,88,572,0
17049,25,15,6894.150000000001,459.60999999999996,2683,238,528,1
17050,4,11,4648.59,422.59909090909093,2432,193,585,0
17051,102,4,706.49,176.6225,507,107,433,0
17053,38,1,498.48,498.48,122,13,0,0
17054,45,4,1207.32,301.83,739,58,107,1
17055,353,1,232.85000000000002,232.85000000000002,83,24,0,0
17056,646,1,128.60000000000002,128.60000000000002,26,8,0,0
17057,504,1,294.74,294.74,129,48,0,0
17058,107,2,819.6600000000001,409.83000000000004,455,42,40,1
17059,18,8,4021.28,502.65999999999997,2536,292,572,1
17060,174,1,234.24,234.24,216,5,0,0
17061,18,10,4658.83,465.883,1408,48,121,1
17062,221,6,889.75,148.29166666666666,644,82,125,0
17063,71,10,2849.26,284.92600000000004,1438,120,575,1
17064,90,2,457.40000000000003,228.7,187,36,144,1
17065,545,2,194.7,97.35,82,6,0,0
17066,634,1,228.34,228.34,93,17,0,0
17067,632,3,454.54,151.51333333333332,322,8,6,0
17068,2,42,7974.83,189.87690476190477,3835,228,526,1
17069,63,10,4303.32,430.332,2436,165,581,1
17070,22,2,437.42,218.71,232,102,296,0
17071,42,10,2767.1,276.71,1359,107,550,1
17072,533,1,273.35,273.35,212,20,0,0
17073,17,1,453.79,453.79,307,56,0,1
17074,470,1,203.05,203.05,19,4,0,0
17075,161,9,2098.58,233.17555555555555,734,140,472,1
17076,181,5,735.87,147.17399999999998,331,27,461,1
17077,486,1,306.0,306.0,36,1,0,0
17080,177,6,746.23,124.37166666666667,475,19,256,1
17081,303,4,660.48,165.12,304,121,259,1
17082,226,5,3365.12,673.024,1793,74,406,1
17083,17,9,4049.79,449.9766666666667,1955,30,559,0
17084,304,1,2253.22,2253.22,1476,132,0,1
17085,31,28,7847.67,280.2739285714286,3583,411,610,0
17087,645,1,221.53,221.53,113,12,0,0
17088,90,2,1399.1100000000001,699.5550000000001,525,72,70,1
17089,294,1,128.45,128.45,35,4,0,0
17090,6,10,1917.3,191.73,802,23,409,1
17091,6,17,6359.99,374.1170588235294,3276,233,624,1
17092,34,9,4366.7,485.18888888888887,3028,224,548,1
17093,500,1,235.88,235.88,114,13,0,0
17094,230,2,402.20000000000005,201.1,212,18,101,0
17095,207,6,1792.05,298.675,1311,83,425,1
17096,51,9,3119.7400000000002,346.6377777777777,1398,142,412,1
17097,8,7,828.47,118.35285714285713,373,136,330,1
17098,289,3,591.07,197.02333333333334,125,10,159,0
17099,441,1,582.17,582.17,317,40,0,0
17101,86,4,1115.9,278.975,518,44,371,1
17102,169,1,25.5,25.5,2,1,0,0
17103,630,1,424.3,424.3,471,32,0,0
17104,331,1,474.03000000000003,474.03000000000003,149,19,0,0
17105,67,2,665.78,332.89,693,80,147,0
17106,297,1,481.58000000000004,481.58000000000004,153,51,0,0
17107,63,7,11587.85,1655.4071428571428,5135,305,522,1
17108,571,1,174.95,174.95,31,9,0,0
17109,140,4,875.01,218.7525,448,70,265,1
17110,73,3,499.9,166.63333333333333,136,38,444,0
17111,333,1,227.97,227.97,299,19,0,1
17112,410,1,197.57,197.57,130,44,0,0
17113,482,6,2305.59,384.26500000000004,913,122,123,0
17114,46,6,601.9399999999999,100.32333333333334,156,66,196,1
17115,90,6,2536.81,422.8016666666667,773,98,551,1
17116,556,1,389.78,389.78,392,47,0,0
17117,196,1,116.2,116.2,68,9,0,0
17118,225,1,157.02,157.02,154,10,0,0
17120,141,1,307.46,307.46,120,18,0,0
17121,310,1,314.74,314.74,106,12,0,0
17122,27,4,570.5,142.625,368,23,380,0
17123,69,3,977.1700000000001,325.72333333333336,676,37,410,0
17124,93,1,294.24,294.24,129,31,0,0
17126,60,9,2016.43,224.04777777777778,1426,295,313,0
17127,336,5,1155.0300000000002,231.00600000000003,340,27,306,0
17128,242,1,157.09,157.09,76,14,0,0
17129,428,1,31.85,31.85,5,2,0,0
17132,360,2,1220.91,610.4549999999999,963,62,36,0
17133,98,8,12208.880000000001,1526.1100000000001,8502,21,438,1
17134,14,3,625.3,208.4333333333333,144,31,335,0
17135,197,5,1083.0,216.6,882,85,289,1
17136,570,1,231.68,231.68,256,14,0,0
17137,324,6,1099.81,183.30166666666665,680,125,261,0
17138,183,7,4417.27,631.0385714285715,2024,234,397,0
17139,30,20,15767.81,788.3905,7877,367,575,1
17140,155,1,454.12,454.12,296,16,0,0
17141,326,4,727.58,181.895,423,138,266,0
17142,147,4,1275.25,318.8125,322,78,445,0
17143,325,2,880.97,440.485,314,82,98,0
17145,420,4,3120.91,780.2275,2591,168,145,0
17146,13,13,5852.64,450.20307692307694,2188,164,570,0
17147,114,7,2458.47,351.21000000000004,943,74,491,1
17149,359,1,143.10000000000002,143.10000000000002,18,6,0,0
17150,284,6,1357.95,226.32500000000002,397,64,357,0
17151,643,1,231.90000000000003,231.90000000000003,42,4,0,0
17152,102,4,2016.5,504.125,577,9,230,0
17155,85,6,784.06,130.67666666666665,899,33,558,1
17156,399,1,591.87,591.87,391,39,0,0
17157,84,18,4994.36,277.46444444444444,2022,75,559,1
17158,140,4,1411.58,352.895,830,61,409,1
17159,79,3,1089.16,363.05333333333334,542,51,473,1
17160,17,16,9692.31,605.769375,7951,196,626,1
17161,352,1,856.01,856.01,537,52,0,0
17162,39,9,1463.66,162.6288888888889,865,75,174,1
17163,353,2,406.68,203.34,465,24,229,1
17164,59,3,1270.42,423.47333333333336,802,53,121,1
17165,192,6,1794.32,299.05333333333334,788,77,444,0
17166,111,1,127.59,127.59,57,10,0,1
17167,287,3,867.11,289.0366666666667,429,64,65,0
17168,406,1,400.2,400.2,220,21,0,0
17169,91,2,629.63,314.815,247,31,395,1
17170,282,2,178.68,89.34,152,8,14,0
17171,197,2,384.59000000000003,192.29500000000002,225,25,372,0
17172,338,2,638.81,319.405,735,24,296,1
17173,24,2,961.26,480.63,238,13,14,1
17174,125,1,59.9,59.9,41,4,0,0
17175,49,3,1132.63,377.54333333333335,644,42,155,1
17176,109,3,902.3199999999999,300.7733333333333,576,37,475,0
17177,413,1,119.5,119.5,40,29,0,0
17178,639,1,432.96000000000004,432.96000000000004,100,31,0,0
17179,86,6,1507.26,251.21,625,75,384,0
17180,149,10,2005.6,200.56,1655,179,445,1
17181,281,2,225.45000000000002,112.72500000000001,243,7,222,1
17182,330,2,321.3,160.65,54,4,295,0
17183,13,1,329.67,329.67,141,9,0,1
17184,477,2,198.41000000000003,99.20500000000001,73,14,161,0
17185,499,3,229.46,76.48666666666666,119,38,6,0
17187,134,2,467.71,233.855,426,21,299,0
17188,72,11,3933.79,357.61727272727273,2212,119,566,1
17189,14,5,953.63,190.726,601,101,631,0
17190,115,6,1476.83,246.13833333333332,2058,144,437,1
17191,2,14,3778.17,269.8692857142857,1901,238,643,1
17192,444,1,75.28,75.28,45,20,0,0
17193,84,4,1059.3,264.825,558,16,561,1
17194,181,3,812.5,270.8333333333333,420,57,256,0
17195,563,1,562.98,562.98,486,31,0,0
17196,335,1,327.75,327.75,154,84,0,0
17198,273,2,521.66,260.83,242,73,5,1
17199,490,1,135.04000000000002,135.04000000000002,232,8,0,0
17200,295,4,356.71,89.1775,367,25,264,0
17201,431,3,853.32,284.44,773,119,143,1
17202,328,1,160.65,160.65,55,8,0,0
17203,296,4,2004.01,501.0025,1751,84,0,1
17204,83,9,5504.6900000000005,611.6322222222223,2651,110,372,0
17205,324,2,615.27,307.635,1330,18,148,1
17207,560,1,292.62,292.62,233,55,0,0
17208,303,1,111.15,111.15,101,21,0,0
17209,557,3,595.7,198.5666666666667,723,36,87,0
17210,300,1,251.72,251.72,242,47,0,0
17211,88,11,2921.02,265.54727272727274,1611,176,546,1
17212,161,3,794.41,264.80333333333334,727,29,233,0
17213,49,11,3868.1800000000003,351.6527272727273,1669,113,583,1
17214,157,4,611.97,152.9925,177,56,110,1
17215,372,1,186.15,186.15,104,11,0,0
17216,462,1,63.6,63.6,21,13,0,0
17217,142,2,210.1,105.05,93,27,385,0
17218,122,13,2883.0,221.76923076923077,1505,193,469,1
17219,324,1,144.9,144.9,99,24,0,1
17220,7,17,3557.84,209.28470588235294,2107,347,589,1
17221,499,3,642.14,214.04666666666665,426,58,15,1
17222,385,5,1250.8600000000001,250.17200000000003,735,71,220,1
17223,218,3,558.04,186.01333333333332,155,62,64,0
17224,409,1,100.86000000000001,100.86000000000001,65,8,0,0
17225,489,1,131.15,131.15,36,5,0,0
17226,216,3,895.47,298.49,853,51,356,0
17227,80,9,1413.3600000000001,157.04,1236,50,520,1
17228,115,9,1601.52,177.94666666666666,1433,132,429,1
17229,4,2,318.76,159.38,185,39,46,0
17230,172,18,9388.49,521.5827777777778,3753,141,467,0
17231,34,22,5845.9,265.72272727272724,2990,445,605,1
17233,356,2,369.98,184.99,167,32,276,1
17234,90,1,149.89,149.89,55,14,0,0
17235,280,7,1354.82,193.54571428571427,747,41,180,1
17236,87,11,1710.8600000000001,155.53272727272727,730,97,463,1
17237,283,2,679.44,339.71999999999997,309,58,6,1
17238,44,26,5556.14,213.6976923076923,2646,418,602,1
17239,220,4,1189.45,297.3625,515,18,213,0
17240,504,1,130.60000000000002,130.60000000000002,108,7,0,0
17241,293,12,2736.64,228.05333333333337,859,116,276,0
17242,16,5,2889.2799999999997,577.856,1459,44,576,0
17243,0,59,15995.890000000001,271.11677966101695,6107,321,645,1
17244,291,4,871.14,217.785,803,85,350,1
17245,112,2,371.63,185.815,307,24,484,0
17246,454,2,38.92,19.46,36,6,191,0
17248,28,2,500.54,250.26999999999998,276,85,361,0
17249,336,1,68.03,68.03,79,27,0,0
17250,169,1,162.65,162.65,70,23,0,1
17251,270,3,798.98,266.32666666666665,377,65,362,0
17252,24,2,348.90999999999997,174.45499999999998,192,86,69,0
17254,309,1,198.29,198.29,146,36,0,1
17255,207,3,598.48,199.49333333333334,429,131,146,1
17256,15,5,498.93,99.786,299,20,492,0
17257,344,2,189.78,94.89,187,14,0,0
17258,304,2,417.3,208.65000000000003,188,46,268,0
17259,56,6,1452.39,242.06500000000003,844,179,507,0
17260,319,1,120.95,120.95,23,6,0,0
17261,417,1,221.59,221.59,95,43,0,0
17262,135,10,2190.76,219.07600000000002,595,10,497,1
17263,116,1,63.440000000000005,63.440000000000005,36,23,0,0
17264,332,1,268.28,268.28,217,70,0,0
17265,46,2,550.01,275.005,389,106,41,0
17266,55,3,318.2,106.06666666666666,117,56,493,1
17267,35,2,317.2,158.60000000000002,158,37,0,0
17268,15,11,1733.8899999999999,157.62636363636364,1395,26,623,0
17269,293,1,491.81,491.81,314,110,0,0
17270,377,2,601.45,300.725,420,45,262,0
17271,644,1,204.3,204.3,113,46,0,0
17272,107,2,1409.44,704.72,1161,59,63,1
17273,332,1,141.12,141.12,133,12,0,0
17274,303,1,465.4,465.4,194,52,0,1
17275,291,1,114.1,114.1,71,23,0,0
17276,310,1,502.49,502.49,187,50,0,0
17277,135,2,1065.3500000000001,532.675,430,67,95,0
17278,149,2,271.24,135.62,195,17,323,0
17280,346,1,118.86,118.86,74,6,0,0
17281,282,6,797.85,132.975,295,2,299,0
17282,38,5,2308.54,461.70799999999997,2332,168,418,0
17283,286,1,188.46,188.46,179,15,0,0
17284,28,7,2629.62,375.65999999999997,1945,277,324,1
17285,536,2,407.94,203.97,134,41,34,0
17286,308,2,237.81,118.905,251,46,0,1
17287,51,19,3480.21,183.16894736842104,1749,257,593,1
17288,115,9,1714.5,190.5,1160,139,186,1
17289,88,7,1275.23,182.1757142857143,856,152,461,1
17290,289,6,974.95,162.49166666666667,742,96,344,1
17291,216,1,550.8000000000001,550.8000000000001,72,1,0,0
17292,380,2,271.75,135.875,131,14,107,0
17293,27,13,2763.6,212.58461538461538,1610,109,616,1
17294,577,2,467.79,233.895,297,17,0,0
17296,638,1,338.13,338.13,216,32,0,0
17298,9,5,954.26,190.852,852,61,540,0
17299,8,4,604.8100000000001,151.2025,531,71,380,1
17300,298,2,393.64,196.82,467,37,90,0
17301,532,1,131.15,131.15,79,52,0,1
17302,30,3,661.61,220.53666666666666,345,48,182,1
17303,269,1,250.04,250.04,144,53,0,0
17304,442,1,111.5,111.5,73,5,0,0
17305,556,1,2135.46,2135.46,1006,9,0,0
17306,7,17,7851.1,461.8294117647059,11514,13,303,1
17307,303,11,3999.8900000000003,363.6263636363637,3667,22,293,0
17308,301,2,4511.76,2255.88,5148,5,59,0
17309,3,3,320.39,106.79666666666667,181,33,577,0
17310,295,2,1025.1,512.55,402,1,147,0
17311,224,5,2738.17,547.634,2160,93,357,1
17312,46,3,644.3,214.76666666666665,372,11,20,0
17314,56,14,3883.43,277.3878571428572,2785,141,588,1
17315,8,35,7686.4400000000005,219.61257142857144,4223,371,338,1
17316,328,1,124.45,124.45,44,35,0,0
17318,633,1,157.32999999999998,157.32999999999998,59,17,0,0
17319,577,1,29.099999999999998,29.099999999999998,14,3,0,0
17320,8,6,2444.85,407.47499999999997,1182,86,586,0
17321,302,4,1008.05,252.01250000000002,426,159,183,1
17322,284,5,922.59,184.518,631,115,360,0
17323,32,9,1175.47,130.60777777777778,1161,147,574,1
17324,239,10,1886.82,188.682,1248,85,389,1
17325,188,3,609.5699999999999,203.18999999999997,465,39,361,0
17326,316,2,312.35,156.175,136,82,121,0
17327,317,2,152.35,76.175,59,3,152,0
17328,581,1,104.7,104.7,86,6,0,0
17329,223,4,718.78,179.695,355,73,420,1
17330,452,2,59.900000000000006,29.950000000000003,2,2,103,1
17331,31,1,175.2,175.2,16,1,0,0
17332,436,5,838.27,167.654,794,82,128,0
17334,210,3,635.1500000000001,211.7166666666667,566,20,104,0
17335,291,2,497.04,248.52,210,34,300,0
17336,380,1,81.12,81.12,48,1,0,0
17337,59,4,1981.06,495.265,1247,421,158,0
17338,22,16,10559.710000000001,659.981875,5060,538,524,1
17339,2,3,302.36,100.78666666666668,172,10,415,0
17340,28,14,14858.31,1061.3078571428573,7538,258,542,1
17341,64,5,1272.21,254.442,831,200,383,0
17342,287,4,1227.54,306.885,521,31,290,0
17343,263,6,1259.94,209.99,454,61,380,0
17344,636,1,299.74,299.74,135,36,0,1
17345,1,9,1348.12,149.7911111111111,1844,140,644,1
17346,11,19,3604.51,189.71105263157895,2745,402,497,1
17348,205,5,1445.84,289.168,1567,206,341,1
17349,87,5,772.41,154.482,772,74,452,0
17350,302,3,612.381,204.12700000000004,408,65,282,1
17351,77,11,1828.38,166.21636363636364,362,41,560,1
17352,604,1,36.25,36.25,15,5,0,0
17353,37,4,3242.0,810.5,2168,7,495,0
17354,336,3,1740.8999999999999,580.3,1525,73,0,1
17355,294,1,273.31,273.31,249,28,0,0
17356,219,5,946.47,189.294,925,73,376,0
17358,211,5,861.01,172.202,430,126,350,0
17359,556,1,156.6,156.6,76,23,0,1
17360,92,4,953.17,238.2925,460,137,250,1
17361,94,4,647.51,161.8775,286,41,489,1
17362,147,7,1024.04,146.29142857142855,549,99,463,0
17363,303,3,920.46,306.82,499,34,6,0
17364,45,23,10127.65,440.33260869565214,6266,396,594,1
17365,77,12,5753.94,479.49499999999995,5800,320,506,1
17366,340,2,1077.24,538.62,504,120,23,0
17367,146,1,167.55,167.55,149,33,0,0
17368,1,12,2484.49,207.04083333333332,2222,161,630,1
17369,363,1,979.2,979.2,1152,1,0,0
17370,0,2,228.06,114.03,218,16,77,1
17371,269,4,329.11,82.2775,169,62,370,1
17372,74,26,4065.76,156.37538461538463,1708,384,569,1
17373,42,5,807.88,161.576,530,50,515,1
17374,126,3,727.11,242.37,155,34,176,0
17375,107,4,660.55,165.1375,480,77,232,0
17376,219,3,356.29,118.76333333333332,193,37,211,1
17377,34,67,15626.29,233.2282089552239,6379,436,611,1
17378,282,1,10.95,10.95,1,1,0,0
17380,342,3,645.0,215.0,252,5,100,0
17381,7,33,34384.69,1041.960303030303,40081,50,449,1
17382,343,7,836.88,119.55428571428571,432,14,133,1
17383,361,1,110.7,110.7,12,2,0,1
17384,127,2,398.79999999999995,199.39999999999998,76,7,248,1
17386,7,6,1823.69,303.9483333333334,1075,18,286,1
17388,39,10,2368.84,236.88400000000001,2266,40,598,1
17389,3,52,34885.73,670.879423076923,12210,57,639,1
17390,328,1,149.3,149.3,49,12,0,0
17391,71,2,508.8,254.4,480,2,0,0
17392,214,3,585.92,195.30666666666664,450,66,143,0
17393,318,2,381.15000000000003,190.57500000000002,238,45,77,0
17394,127,1,203.86999999999998,203.86999999999998,241,4,0,0
17395,416,1,97.5,97.5,66,3,0,0
17396,56,12,5880.6,490.05,1413,26,292,1
17397,324,1,516.87,516.87,441,44,0,1
17398,22,3,653.38,217.79333333333332,310,30,140,0
17400,34,8,4623.28,577.91,2185,345,595,0
17401,449,1,114.85,114.85,34,11,0,0
17402,9,18,3734.16,207.45333333333332,1169,101,621,1
17403,358,1,118.95,118.95,77,13,0,1
17404,31,18,36878.6,2048.811111111111,39554,110,578,1
17405,58,1,393.31,393.31,334,41,0,1
17406,241,13,4186.95,322.0730769230769,1847,155,400,0
17407,319,1,552.9,552.9,426,23,0,0
17408,71,3,316.09000000000003,105.36333333333333,163,7,350,0
17409,92,10,7793.51,779.351,4089,50,543,0
17410,4,2,419.55,209.77499999999998,149,22,119,1
17411,169,3,932.0200000000001,310.67333333333335,428,46,475,1
17412,104,13,3671.98,282.46,2174,143,541,1
17413,312,2,560.14,280.07,302,10,165,0
17414,92,5,2069.52,413.904,5536,6,551,1
17416,17,20,15699.52,784.976,7750,305,615,1
17417,456,1,164.18,164.18,76,16,0,0
17418,231,2,373.99,186.995,371,24,63,1
17419,51,14,4559.68,325.6914285714286,2221,159,539,1
17420,79,5,746.26,149.252,350,34,230,1
17421,294,3,1059.41,353.1366666666667,807,46,349,0
17422,1,10,3314.36,331.43600000000004,3034,137,441,1
17423,125,2,869.96,434.98,645,28,175,1
17426,83,10,6319.74,631.9739999999999,3934,213,484,1
17428,18,37,24871.0,672.1891891891892,14621,383,627,1
17429,36,5,1357.46,271.492,1286,80,301,0
17430,273,3,469.40999999999997,156.47,325,24,114,1
17431,221,1,403.3,403.3,292,41,0,0
17432,293,7,1363.23,194.74714285714285,801,174,350,1
17433,293,1,266.8,266.8,120,39,0,1
17435,319,1,331.35,331.35,195,15,0,0
17436,134,4,440.16,110.04,136,5,505,0
17437,437,1,369.68,369.68,283,52,0,0
17438,161,5,1422.77,284.554,553,49,387,0
17439,563,1,325.74,325.74,370,8,0,0
17440,64,4,323.58,80.895,282,4,392,0
17441,640,1,293.35,293.35,245,21,0,0
17442,1,14,4293.43,306.67357142857145,2898,179,568,1
17443,127,1,534.24,534.24,504,1,0,0
17444,55,3,2940.04,980.0133333333333,2119,132,25,0
17446,84,2,120.89999999999999,60.449999999999996,198,6,133,0
17448,405,46,14523.67,315.7319565217391,11534,569,147,0
17449,2,10,3846.4900000000002,384.649,2070,237,635,1
17450,3,28,136695.0,4881.964285714285,46101,127,342,1
17451,13,1,346.01,346.01,267,23,0,1
17454,100,10,1547.94,154.794,727,98,500,0
17455,111,1,131.7,131.7,66,8,0,0
17456,273,2,975.5600000000001,487.78000000000003,508,59,90,0
17457,34,14,5984.81,427.4864285714285,2695,30,605,0
17458,289,1,213.08,213.08,112,32,0,1
17460,2,16,2157.9700000000003,134.87312500000002,954,93,592,0
17462,192,1,463.40999999999997,463.40999999999997,155,14,0,1
17463,84,5,1886.99,377.398,1112,177,412,1
17464,66,3,907.1400000000001,302.38000000000005,608,35,461,0
17465,333,7,2542.79,363.2557142857143,1477,103,310,0
17467,303,1,102.6,102.6,20,4,0,0
17468,283,1,57.8,57.8,68,3,0,1
17469,16,15,4230.55,282.0366666666667,1960,150,614,1
17470,35,10,2317.87,231.78699999999998,2331,99,380,1
17471,382,1,321.65000000000003,321.65000000000003,153,19,0,0
17472,99,4,922.35,230.5875,551,183,437,0
17473,316,2,607.0,303.5,270,33,47,0
17474,507,1,1047.0,1047.0,200,6,0,0
17476,303,2,489.86,244.93,224,29,341,0
17477,520,2,1144.3,572.15,225,44,34,0
17478,316,2,1272.8000000000002,636.4000000000001,516,40,225,0
17479,540,1,389.26000000000005,389.26000000000005,266,18,0,0
17480,352,1,370.41,370.41,243,24,0,1
17481,1,1,260.63,260.63,149,19,0,1
17482,395,2,775.64,387.82000000000005,240,50,91,0
17483,42,3,452.43,150.81,172,19,280,1
17484,484,2,209.57,104.785,339,14,47,0
17486,169,1,396.87,396.87,191,24,0,0
17487,636,1,160.55,160.55,37,8,0,0
17488,549,1,336.5,336.5,136,18,0,0
17489,120,1,208.56,208.56,232,16,0,1
17490,84,3,963.38,321.12666666666667,537,51,392,1
17491,3,13,4212.91,324.07,2596,95,494,1
17492,156,3,1122.42,374.14000000000004,450,32,270,0
17493,293,1,100.91,100.91,62,8,0,0
17494,409,1,54.7,54.7,26,3,0,0
17495,298,1,309.16,309.16,138,21,0,1
17496,266,4,1412.89,353.2225,675,54,335,0
17497,298,2,287.25,143.625,59,7,220,0
17499,197,2,1341.3899999999999,670.6949999999999,1086,66,271,0
17501,128,2,288.6,144.3,160,18,0,0
17504,114,18,9490.17,527.2316666666667,5420,244,463,0
17505,69,5,2435.48,487.096,1242,83,443,0
17507,169,2,605.58,302.78999999999996,359,79,47,0
17508,188,8,4579.23,572.4037500000001,2891,199,451,0
17510,328,1,206.08,206.08,208,15,0,1
17511,1,50,140446.24,2808.9248,92902,583,644,1
17512,29,16,4434.7300000000005,277.17062500000003,4515,85,607,1
17513,316,2,645.6,322.8,186,12,70,1
17514,36,2,522.0,261.0,284,72,541,0
17515,114,8,1534.86,191.8575,504,90,344,1
17516,27,5,788.27,157.654,481,132,259,1
17517,216,1,153.94,153.94,102,11,0,0
17518,333,2,329.42,164.71,267,71,195,0
17519,41,14,4418.150000000001,315.5821428571429,3036,133,605,1
17521,107,3,714.41,238.13666666666668,403,37,235,1
17522,46,4,912.25,228.0625,932,54,79,0
17524,269,3,539.14,179.71333333333334,362,37,76,0
17525,267,3,1161.9,387.3,338,19,69,0
17526,198,11,3616.14,328.74,1272,61,431,1
17527,17,2,606.62,303.31,206,25,108,1
17529,518,2,1240.25,620.125,790,78,87,0
17530,114,8,1789.83,223.72875,1019,271,527,1
17531,98,3,1266.82,422.2733333333333,472,54,428,0
17532,293,1,65.34,65.34,30,4,0,0
17533,342,1,34.8,34.8,24,1,0,0
17534,359,4,1445.47,361.3675,757,69,200,1
17535,188,1,164.4,164.4,136,13,0,0
17536,85,3,364.83,121.61000000000001,201,16,505,0
17537,211,1,620.75,620.75,369,60,0,1
17539,525,4,1176.84,294.21,708,132,108,0
17540,224,5,1280.5,256.1,458,35,283,1
17541,417,1,119.86,119.86,44,31,0,0
17542,177,3,340.85,113.61666666666667,323,57,371,0
17543,457,1,120.05,120.05,62,13,0,0
17544,298,3,944.82,314.94,410,80,0,0
17545,298,3,767.54,255.84666666666666,345,112,187,1
17547,283,2,727.85,363.925,223,22,289,0
17548,141,4,731.26,182.815,494,22,162,0
17550,105,9,2506.64,278.5155555555555,968,250,472,0
17551,267,1,290.34,290.34,142,39,0,0
17552,280,10,2154.88,215.488,1376,64,255,1
17553,37,4,3757.6,939.4,2288,2,481,0
17554,30,2,1249.8899999999999,624.9449999999999,1409,51,25,1
17555,242,4,760.88,190.22,547,174,251,1
17556,113,2,300.67,150.335,184,13,173,0
17557,640,1,34.0,34.0,4,1,0,1
17558,301,1,259.17,259.17,54,28,0,0
17559,420,1,167.62,167.62,270,12,0,0
17560,2,8,1895.8,236.975,1588,37,565,0
17561,298,3,537.9,179.29999999999998,237,129,342,1
17562,17,4,661.1,165.275,601,35,63,1
17563,486,2,392.38,196.19,256,27,33,0
17565,494,1,131.83,131.83,67,30,0,0
17567,0,7,3432.05,490.29285714285714,2037,105,348,1
17568,541,1,374.45,374.45,275,61,0,0
17569,240,1,344.14,344.14,159,29,0,0
17570,289,1,100.0,100.0,1,1,0,0
17571,53,4,764.79,191.1975,600,120,396,1
17572,7,9,621.46,69.05111111111111,312,14,625,1
17573,1,1,174.71,174.71,177,11,0,1
17574,150,1,185.65,185.65,77,8,0,0
17575,575,1,171.7,171.7,72,5,0,0
17576,7,36,7413.37,205.92694444444444,4004,355,636,1
17577,553,2,348.75,174.375,179,20,23,0
17578,126,7,1047.33,149.6185714285714,529,57,311,0
17579,45,3,575.24,191.74666666666667,247,58,440,1
17580,160,5,541.02,108.204,223,78,169,0
17581,17,35,13448.22,384.23485714285715,7099,348,626,1
17582,144,5,1446.95,289.39,603,92,387,0
17583,468,1,135.95,135.95,55,7,0,0
17584,35,5,4816.57,963.314,2251,79,556,1
17585,17,7,2064.71,294.9585714285714,2510,295,368,0
17586,527,1,167.4,167.4,68,8,0,0
17587,536,1,176.71,176.71,67,42,0,0
17588,8,7,2939.55,419.9357142857143,1379,35,537,0
17589,59,17,13276.84,780.9905882352941,8380,571,491,1
17591,30,7,1976.52,282.36,904,93,568,1
17592,646,1,148.3,148.3,38,13,0,0
17593,52,9,6428.5,714.2777777777778,3973,250,590,1
17594,162,3,1819.7,606.5666666666667,1038,52,350,1
17596,44,10,3421.85,342.18500000000006,5480,226,588,1
17597,121,5,3484.09,696.818,2215,109,369,0
17598,289,1,409.98,409.98,126,10,0,0
17599,385,1,52.05,52.05,11,3,0,0
17601,147,2,413.08,206.54,295,69,141,0
17602,32,10,3209.56,320.956,2665,275,494,1
17603,525,3,1393.66,464.55333333333334,564,93,112,1
17604,125,6,942.38,157.06333333333333,614,142,464,0
17605,498,1,160.75,160.75,71,13,0,0
17606,645,1,87.30000000000001,87.30000000000001,42,6,0,0
17607,284,1,333.81,333.81,269,22,0,0
17608,357,2,296.07,148.035,299,90,158,1
17609,210,8,1313.37,164.17125000000001,869,231,307,1
17610,448,5,1511.94,302.38800000000003,893,114,193,0
17611,31,22,7077.56,321.70727272727277,4652,680,614,1
17612,3,17,5029.35,295.84411764705885,3054,196,627,1
17613,25,9,2976.69,330.74333333333334,1667,173,188,1
17615,38,6,721.8000000000001,120.3,378,47,355,0
17616,81,4,734.4,183.6,288,1,277,0
17617,466,1,385.19,385.19,249,18,0,0
17618,156,10,3696.84,369.684,1714,196,436,1
17619,220,1,214.37,214.37,124,71,0,0
17621,220,5,2697.0,539.4,906,52,119,1
17622,505,2,1130.21,565.105,379,19,0,0
17623,317,6,1838.72,306.4533333333334,534,108,315,1
17624,126,3,1125.45,375.15000000000003,716,71,501,1
17625,48,6,5185.63,864.2716666666666,3163,392,584,1
17626,510,1,254.0,254.0,202,18,0,0
17627,386,1,296.36,296.36,676,10,0,0
17629,28,7,1439.78,205.68285714285713,939,89,301,1
17630,77,2,503.6,251.8,158,24,62,0
17631,45,6,886.66,147.77666666666667,442,56,592,0
17633,11,5,1381.16,276.23199999999997,530,56,286,1
17634,0,7,2077.07,296.7242857142857,650,177,245,1
17635,332,3,1265.58,421.85999999999996,770,60,166,0
17637,23,1,338.95,338.95,215,24,0,1
17638,555,2,842.4000000000001,421.20000000000005,432,2,74,0
17639,184,6,615.17,102.52833333333332,576,59,207,0
17640,287,5,2547.28,509.45599999999996,1442,47,247,1
17642,27,5,1824.49,364.898,1475,88,614,0
17643,281,2,439.7,219.85000000000002,226,30,132,0
17644,28,16,4758.59,297.411875,2574,122,541,1
17646,127,12,3898.79,324.89916666666664,1308,124,504,0
17647,577,2,198.6,99.3,52,5,0,1
17648,100,4,1526.26,381.565,756,96,192,1
17649,46,3,1578.89,526.2966666666666,723,88,334,0
17651,63,10,2906.53,290.653,1656,114,370,1
17652,52,6,2713.57,452.2616666666667,1469,101,136,1
17653,7,2,343.34,171.67000000000002,687,9,20,1
17654,185,1,117.55,117.55,41,22,0,0
17655,24,7,2240.77,320.11,985,63,300,1
17656,14,3,927.65,309.2166666666667,463,35,22,1
17657,338,1,126.0,126.0,60,7,0,0
17658,119,1,317.6,317.6,216,9,0,1
17659,8,11,2240.56,203.68727272727273,1048,91,286,1
17660,49,2,342.22,171.11,259,75,595,0
17662,569,2,412.92,206.46,184,14,60,0
17663,62,14,4389.45,313.53214285714284,1925,130,491,1
17664,120,3,887.7800000000001,295.9266666666667,863,51,407,1
17665,401,1,563.1,563.1,690,19,0,0
17666,385,3,1319.6399999999999,439.87999999999994,956,17,50,1
17667,69,8,3646.2,455.775,2062,136,492,1
17669,30,8,5168.85,646.10625,2987,80,494,1
17670,135,1,205.7,205.7,110,11,0,0
17671,65,4,1535.0,383.75,739,52,218,1
17672,217,6,3778.3,629.7166666666667,1711,128,372,1
17673,70,11,3754.53,341.3209090909091,2884,189,468,1
17674,276,1,300.66,300.66,349,11,0,1
17675,9,62,31342.39,505.5224193548387,13375,288,627,1
17676,17,8,1808.3,226.0375,1310,68,510,1
17677,8,44,30379.58,690.445,18194,303,623,1
17678,171,2,599.76,299.88,368,27,339,0
17679,429,5,1585.5,317.1,1026,41,214,1
17680,291,2,313.05,156.525,59,9,127,1
17681,505,5,731.2,146.24,450,12,96,0
17682,23,10,3490.3,349.03000000000003,1903,76,526,1
17683,293,3,819.01,273.00333333333333,781,41,168,0
17685,174,10,3811.84,381.184,2455,81,399,1
17686,28,7,7146.7,1020.9571428571428,3065,255,413,1
17687,328,1,432.68,432.68,210,26,0,0
17688,301,1,304.2,304.2,114,19,0,0
17689,296,2,317.08,158.54000000000002,300,17,85,0
17690,9,16,5732.53,358.283125,2420,201,572,1
17691,266,4,637.55,159.3875,315,37,188,0
17692,35,12,2975.8,247.98333333333335,2338,90,413,0
17693,45,1,200.47,200.47,231,16,0,0
17694,49,3,1695.97,565.3233333333334,1493,54,421,0
17695,39,5,1746.04,349.20799999999997,1809,46,549,0
17696,16,26,7309.47,281.1334615384616,5458,186,620,1
17697,144,1,338.95,338.95,93,19,0,0
17698,168,1,154.95,154.95,93,8,0,0
17699,384,2,442.0,221.0,208,17,84,0
17700,2,13,5827.16,448.2430769230769,3028,227,643,1
17701,160,1,417.95,417.95,109,24,0,0
17702,16,5,2658.44,531.688,1851,109,291,1
17703,17,3,787.06,262.3533333333333,683,51,308,1
17704,76,2,885.19,442.595,343,27,71,0
17705,14,8,1228.3799999999999,153.5475,889,53,470,1
17706,8,26,17795.16,684.4292307692308,6974,389,589,1
17707,93,8,609.3,76.16250000000001,546,9,547,0
17708,95,4,884.1800000000001,221.04500000000002,387,57,235,0
17709,77,5,671.01,134.202,295,37,433,0
17710,331,1,293.5,293.5,158,20,0,0
17711,197,1,220.53000000000003,220.53000000000003,107,13,0,1
17713,290,4,1198.09,299.52250000000004,989,55,166,0
17714,228,5,1410.18,282.036,608,69,192,0
17715,108,2,489.59999999999997,244.79999999999998,576,1,392,0
17716,2,20,14437.64,721.882,8070,302,642,1
17717,329,1,376.92,376.92,344,26,0,0
17718,140,2,439.18,219.58999999999997,274,22,412,0
17719,14,12,4477.4,373.1166666666666,2118,100,149,1
17720,21,9,2358.57,262.06333333333333,1431,76,465,1
17721,567,1,307.21000000000004,307.21000000000004,107,11,0,0
17722,4,5,3520.2200000000003,704.0440000000001,2412,163,279,0
17723,35,7,3378.4000000000005,482.6285714285715,912,6,248,0
17724,46,1,373.1,373.1,78,11,0,1
17725,8,8,2507.12,313.39,1610,94,166,1
17726,303,7,1092.06,156.00857142857146,444,52,286,0
17728,312,2,1362.75,681.375,677,79,49,1
17729,504,1,438.65000000000003,438.65000000000003,247,23,0,0
17730,14,15,5531.09,368.7393333333333,3876,139,483,1
17731,36,5,1432.62,286.524,564,66,540,1
17732,280,8,2166.42,270.8025,1058,90,115,0
17733,169,1,216.95000000000002,216.95000000000002,87,12,0,1
17734,44,5,1281.9,256.38,662,67,505,1
17735,1,23,14771.550000000001,642.241304347826,9061,348,403,1
17736,21,1,307.49,307.49,213,23,0,1
17738,56,12,3876.0,323.0,2458,161,481,1
17739,104,14,6010.01,429.2864285714286,1885,47,535,1
17740,297,6,426.90000000000003,71.15,222,5,308,0
17741,314,2,101.1,50.55,114,6,153,0
17742,21,11,2098.48,190.7709090909091,653,52,625,0
17743,356,1,229.2,229.2,96,3,0,0
17744,158,5,1615.7,323.14,2100,63,130,1
17745,385,2,600.34,300.17,164,27,78,0
17746,148,4,904.1800000000001,226.04500000000002,688,32,370,0
17747,20,1,71.4,71.4,12,1,0,0
17748,435,1,358.15,358.15,111,17,0,0
17749,86,3,1026.18,342.06,446,52,368,0
17750,7,5,1204.5,240.9,2616,93,65,1
17751,329,1,157.85999999999999,157.85999999999999,147,31,0,0
17752,267,1,80.64,80.64,192,1,0,0
17753,372,4,382.06,95.51499999999999,124,63,238,0
17754,50,10,3361.63,336.163,3394,145,586,1
17756,283,3,728.75,242.91666666666666,399,54,18,0
17757,22,46,6789.21,147.59152173913043,3494,306,580,1
17758,60,8,2989.08,373.635,2051,274,416,1
17759,77,4,609.07,152.26749999999998,345,56,414,1
17760,281,5,631.34,126.26799999999999,457,44,276,1
17762,364,1,129.75,129.75,129,16,0,0
17763,171,4,86.15,21.5375,41,11,395,0
17764,119,4,971.69,242.9225,436,76,525,1
17765,66,4,524.0,131.0,195,71,289,0
17766,289,2,299.61,149.805,155,21,0,0
17767,318,1,141.85,141.85,70,18,0,1
17768,74,5,1596.66,319.332,1340,88,571,1
17769,46,11,4913.83,446.71181818181816,2376,264,550,1
17770,106,5,1143.27,228.654,365,33,83,0
17771,231,3,257.4,85.8,196,36,266,1
17772,300,1,187.3,187.3,58,45,0,1
17773,422,2,575.37,287.685,254,48,175,0
17774,4,9,3273.83,363.75888888888886,1585,286,572,0
17775,162,1,56.4,56.4,72,3,0,0
17776,294,2,330.56,165.28,273,74,336,0
17777,8,1,189.8,189.8,161,63,0,1
17778,569,1,197.70000000000002,197.70000000000002,214,10,0,0
17779,51,1,323.09,323.09,248,34,0,1
17780,575,3,346.56,115.52,156,76,17,0
17781,67,2,188.02,94.00999999999999,34,12,93,0
17782,290,2,679.02,339.51,538,29,0,0
17783,155,2,205.9,102.94999999999999,137,54,264,1
17784,458,1,112.86,112.86,72,19,0,0
17785,353,2,271.44,135.72,160,38,120,1
17786,225,1,103.35,103.35,52,24,0,1
17787,60,4,1817.54,454.385,896,94,218,0
17788,37,1,16.7,16.7,3,3,0,1
17789,189,2,397.15,198.575,199,27,379,0
17790,28,18,2178.62,121.03444444444443,1147,148,424,1
17792,375,2,368.35,184.175,149,45,11,0
17794,594,2,147.3,73.65,46,7,1,0
17795,87,2,342.83,171.41500000000002,305,43,85,0
17796,221,6,1160.49,193.415,329,147,107,1
17797,90,6,1463.85,243.975,837,172,541,1
17798,489,1,178.07,178.07,138,43,0,0
17799,7,19,5722.75,301.19736842105266,3265,449,626,1
17800,25,6,765.3,127.55,451,36,216,1
17801,359,3,770.03,256.6766666666667,820,66,240,0
17802,88,9,4293.6,477.0666666666667,2360,268,546,1
17803,300,1,184.66,184.66,98,27,0,0
17804,284,3,383.78000000000003,127.92666666666666,194,82,362,0
17805,518,1,414.72,414.72,648,1,0,1
17807,303,3,437.87,145.95666666666668,262,88,309,0
17808,456,4,262.64,65.66,143,29,32,0
17809,37,16,7530.6900000000005,470.66812500000003,1681,46,608,1
17810,576,2,373.16,186.57999999999998,118,51,15,0
17811,0,32,6592.29,206.0090625,3443,448,353,1
17812,276,4,405.48,101.37,242,79,162,1
17814,283,2,1609.37,804.685,1435,112,47,0
17815,301,1,591.96,591.96,612,13,0,0
17816,177,4,80.86,20.215,72,36,454,1
17817,185,5,670.17,134.03400000000002,312,97,145,1
17818,645,1,124.78,124.78,86,42,0,0
17819,90,11,5784.65,525.8772727272727,1570,66,543,1
17820,282,1,180.60999999999999,180.60999999999999,111,39,0,0
17821,314,1,334.62,334.62,162,6,0,0
17822,328,5,2162.93,432.58599999999996,1375,152,140,0
17823,329,2,449.25,224.625,252,88,0,0
17825,506,4,701.96,175.49,516,24,126,0
17826,282,1,133.34,133.34,84,33,0,0
17827,150,5,1969.31,393.86199999999997,1299,191,379,1
17828,17,3,1076.66,358.8866666666667,481,51,75,1
17829,206,5,4756.74,951.348,3009,121,356,0
17830,169,2,287.65000000000003,143.825,65,15,27,0
17833,631,1,338.46000000000004,338.46000000000004,143,28,0,0
17834,322,2,689.6700000000001,344.83500000000004,639,54,30,0
17837,56,3,376.51,125.50333333333333,102,23,15,1
17838,200,11,4538.84,412.6218181818182,2682,111,338,1
17840,351,1,175.9,175.9,128,44,0,0
17841,2,167,51164.5,306.374251497006,26336,1935,642,1
17842,510,1,430.69,430.69,89,18,0,0
17843,211,2,320.4,160.2,251,58,108,0
17844,14,1,51.559999999999995,51.559999999999995,52,5,0,0
17845,463,4,596.09,149.02249999999998,195,42,21,0
17847,423,2,129.69,64.845,29,9,129,0
17848,36,29,3479.51,119.98310344827587,1396,105,605,1
17849,126,8,1063.76,132.97,224,24,416,0
17850,280,155,51208.87,330.3798064516129,21052,100,362,0
17851,330,6,1552.35,258.72499999999997,933,185,313,0
17852,296,3,543.47,181.15666666666667,319,62,342,1
17853,315,3,1596.29,532.0966666666667,625,84,329,0
17854,93,6,1068.5,178.08333333333334,607,113,546,0
17855,280,1,208.97,208.97,197,17,0,0
17856,141,3,1142.63,380.8766666666666,577,6,48,0
17857,6,15,14722.52,981.5013333333334,8362,15,542,1
17858,24,27,11019.24,408.12,5075,138,616,1
17859,212,1,141.92,141.92,102,23,0,0
17860,276,4,717.39,179.3475,696,127,359,0
17861,44,15,4289.9,285.9933333333333,3608,276,593,1
17862,231,4,1254.89,313.7225,440,90,239,0
17863,53,10,3985.76,398.576,3655,109,507,1
17864,183,3,522.57,174.18999999999997,656,57,151,1
17865,15,38,22803.21,600.0844736842105,10726,354,631,1
17866,50,3,1134.95,378.31666666666666,535,20,582,0
17867,51,13,1381.66,106.28153846153847,504,66,593,1
17868,294,1,227.15,227.15,85,18,0,0
17869,15,7,813.64,116.23428571428572,491,72,440,0
17870,31,7,1488.97,212.70999999999998,737,60,257,1
17871,112,5,1068.95,213.79000000000002,665,64,488,0
17872,289,1,235.87,235.87,176,15,0,0
17873,92,17,5993.29,352.5464705882353,4039,64,538,1
17874,93,6,683.46,113.91000000000001,221,37,70,0
17875,596,1,167.1,167.1,98,25,0,0
17876,307,3,3424.02,1141.34,1958,3,275,0
17877,78,1,237.61,237.61,98,12,0,0
17878,303,2,999.48,499.74,613,56,0,1
17879,81,1,178.52,178.52,45,6,0,0
17880,272,3,824.9200000000001,274.97333333333336,466,43,365,0
17881,212,1,133.35,133.35,32,8,0,0
17882,287,2,291.56,145.78,130,47,0,0
17883,154,4,443.43,110.85749999999999,150,46,405,1
17884,219,19,2593.94,136.52315789473684,2474,287,423,1
17886,118,5,1080.98,216.196,460,91,378,1
17887,37,1,111.35,111.35,30,10,0,0
17888,69,21,1388.44,66.11619047619048,1101,117,556,1
17889,120,7,746.42,106.63142857142857,403,97,406,0
17890,230,2,586.89,293.445,402,88,38,0
17891,70,1,203.85999999999999,203.85999999999999,393,34,0,0
17892,63,1,142.1,142.1,69,26,0,1
17893,133,1,107.21,107.21,149,15,0,0
17894,4,17,2181.52,128.32470588235293,888,198,373,1
17897,80,9,2099.89,233.3211111111111,864,211,403,0
17898,115,3,246.96,82.32000000000001,185,41,359,1
17899,67,1,154.55,154.55,170,29,0,0
17900,98,2,112.19999999999999,56.099999999999994,73,4,0,0
17901,429,2,149.7,74.85,14,3,0,1
17902,454,1,216.4,216.4,526,24,0,0
17903,302,1,381.09000000000003,381.09000000000003,142,44,0,0
17905,64,12,1997.6200000000001,166.46833333333333,1174,128,523,1
17906,155,1,72.9,72.9,26,12,0,0
17907,548,1,291.76,291.76,1046,13,0,0
17908,281,5,1142.47,228.494,670,178,351,0
17909,645,1,110.05,110.05,35,8,0,0
17910,634,1,261.7,261.7,121,25,0,0
17912,218,6,374.55,62.425000000000004,215,48,65,0
17913,263,13,3238.69,249.13,1537,213,380,1
17915,459,1,225.78,225.78,184,27,0,0
17916,536,2,43.87,21.935000000000002,90,15,104,0
17917,164,2,226.71,113.35499999999999,130,57,106,1
17918,408,3,396.39,132.13,352,34,4,0
17919,346,1,536.28,536.28,696,17,0,1
17920,13,46,21791.08,473.71913043478264,11323,573,628,1
17921,56,9,2169.6,241.06666666666666,854,204,363,1
17922,451,1,170.4,170.4,49,8,0,0
17923,190,3,497.0,165.66666666666666,140,2,262,0
17924,209,3,797.4,265.8,156,3,112,1
17925,280,1,244.08,244.08,72,1,0,0
17926,41,5,1035.49,207.098,572,27,446,0
17927,629,1,294.0,294.0,108,10,0,0
17928,154,2,206.96,103.47999999999999,128,21,325,1
17929,20,11,2946.1,267.8272727272727,418,6,617,1
17930,70,10,3228.88,322.88800000000003,2722,35,483,1
17931,42,14,3402.2400000000002,243.0171428571429,1919,274,527,0
17932,81,2,934.51,467.255,593,63,37,1
17933,540,1,114.69,114.69,63,12,0,0
17934,314,1,344.90000000000003,344.90000000000003,150,20,0,1
17935,46,7,686.14,98.02,244,60,596,0
17937,22,5,3614.52,722.904,1416,19,247,1
17938,328,1,144.29,144.29,53,29,0,0
17939,67,1,99.14,99.14,40,12,0,0
17940,16,15,30114.79,2007.6526666666666,84548,11,628,1
17941,38,4,1433.28,358.32,1108,5,571,0
17944,331,1,74.99,74.99,84,24,0,0
17945,604,3,360.35,120.11666666666667,244,66,0,0
17946,141,2,149.57999999999998,74.78999999999999,75,18,26,0
17948,55,1,358.56000000000006,358.56000000000006,144,1,0,0
17949,1,106,107012.8,1009.5547169811321,50770,55,644,1
17950,273,6,947.26,157.87666666666667,479,110,338,1
17951,266,3,741.5400000000001,247.17999999999998,384,15,45,1
17952,286,4,788.46,197.115,477,85,163,0
17953,448,1,159.17000000000002,159.17000000000002,98,20,0,0
17954,31,17,3375.46,198.5564705882353,2790,431,607,1
17955,106,6,949.9,158.31666666666666,681,16,466,0
17956,157,1,12.75,12.75,1,1,0,0
17958,24,2,973.88,486.94,284,35,611,0
17959,500,1,140.75,140.75,49,2,0,0
17960,79,3,135.08,45.02666666666667,60,37,470,0
17961,31,92,2749.92,29.890434782608697,1400,473,614,1
17962,50,4,666.96,166.74,633,146,552,0
17963,379,4,643.16,160.79,341,98,217,0
17964,280,1,261.76,261.76,195,35,0,1
17965,42,25,6295.1900000000005,251.8076,3980,522,591,1
17966,59,9,1459.92,162.21333333333334,2518,81,539,1
17967,279,2,223.42,111.71000000000001,111,59,44,0
17968,281,4,590.44,147.61,352,106,138,0
17969,74,20,2354.29,117.7145,1014,113,566,0
17970,119,1,562.79,562.79,513,27,0,0
17971,456,1,161.94,161.94,62,21,0,0
17972,149,1,135.19,135.19,36,30,0,0
17974,127,4,1199.17,299.7925,774,177,187,1
17975,22,22,6163.52,280.16,1978,224,375,1
17976,280,1,321.79,321.79,93,56,0,0
17977,308,1,1223.31,1223.31,1606,83,0,1
17978,273,4,1159.99,289.99749999999995,1297,62,366,0
17979,76,3,494.54,164.84666666666666,272,84,90,1
17980,73,4,1012.72,253.18,771,41,227,0
17981,318,1,239.12,239.12,260,17,0,0
17982,588,1,138.18,138.18,117,13,0,0
17983,303,1,171.71,171.71,108,23,0,0
17984,53,5,1152.19,230.43800000000002,939,209,593,0
17987,93,5,965.4399999999999,193.08800000000002,981,139,365,0
17988,25,12,434.42,36.20166666666667,170,103,615,1
17989,287,1,207.33,207.33,300,26,0,0
17990,144,6,1527.6100000000001,254.6016666666667,777,40,495,0
17991,133,3,300.3,100.10000000000001,93,37,366,0
17992,297,1,252.88,252.88,130,49,0,0
17993,525,1,225.99,225.99,108,60,0,0
17994,29,11,2270.0299999999997,206.36636363636364,2181,227,499,0
17995,189,3,495.48,165.16,263,28,105,0
17996,287,3,482.33,160.77666666666667,587,63,166,0
17997,0,6,1711.75,285.2916666666667,2035,118,71,1
17998,288,3,639.24,213.08,561,57,358,0
17999,274,2,338.41,169.20499999999998,161,77,12,1
18000,472,1,124.25,124.25,109,6,0,0
18001,357,4,509.01,127.2525,512,69,287,1
18002,283,4,244.37,61.0925,71,52,355,0
18003,284,1,353.51,353.51,297,23,0,0
18004,270,1,157.92,157.92,75,32,0,0
18006,289,3,524.83,174.94333333333336,175,36,340,1
18007,300,1,215.22,215.22,246,46,0,0
18008,111,21,19708.3,938.4904761904761,7761,75,499,1
18009,143,8,2144.23,268.02875,651,145,417,0
18010,164,1,174.8,174.8,60,14,0,0
18011,281,2,410.79,205.39499999999998,125,63,194,0
18012,631,1,115.3,115.3,63,13,0,0
18013,63,2,187.29,93.64500000000001,285,31,0,0
18016,94,5,959.76,191.952,385,79,494,1
18017,77,3,509.0,169.66666666666666,300,1,262,1
18018,16,4,297.99,74.4975,186,43,312,0
18020,451,1,190.48000000000002,190.48000000000002,67,12,0,0
18021,417,2,216.41,108.205,168,32,2,0
18022,293,4,894.53,223.6325,608,203,160,1
18024,60,2,389.78,194.89,184,21,0,0
18025,287,6,1177.72,196.28666666666666,1053,83,239,0
18026,408,2,2074.07,1037.035,530,12,4,0
18027,6,1,115.31,115.31,78,21,0,0
18028,491,1,192.05,192.05,133,4,0,0
18029,550,1,433.77,433.77,253,18,0,0
18031,286,1,451.3,451.3,298,49,0,0
18032,242,1,73.5,73.5,42,5,0,0
18034,283,1,335.52,335.52,392,97,0,1
18035,293,2,546.34,273.17,550,8,0,1
18036,13,10,1396.06,139.606,662,208,616,1
18037,62,15,167.42,11.161333333333333,37,31,583,0
18038,464,1,141.48,141.48,80,25,0,0
18039,282,4,548.22,137.055,555,137,266,0
18040,153,1,239.00000000000003,239.00000000000003,96,12,0,1
18041,11,33,6919.51,209.68212121212122,6274,415,591,1
18042,449,1,116.10000000000001,116.10000000000001,36,9,0,1
18043,114,2,421.59,210.79500000000002,229,87,160,1
18044,74,15,2522.54,168.16933333333333,1216,111,393,1
18046,557,1,189.63,189.63,44,26,0,0
18047,289,2,326.09,163.04500000000002,130,74,0,0
18048,111,3,394.93,131.64333333333335,256,56,290,0
18049,345,2,500.92,250.46,402,82,153,0
18050,267,2,412.06,206.03000000000003,250,22,33,0
18051,542,7,2282.28,326.03999999999996,1661,41,96,0
18052,472,1,10877.18,10877.18,17766,16,0,0
18053,433,2,271.05,135.525,107,12,1,1
18054,300,1,176.5,176.5,96,11,0,0
18055,36,11,7054.16,641.2872727272727,2308,229,284,1
18056,196,2,554.6,277.29999999999995,334,28,330,0
18057,301,3,1188.46,396.15333333333336,970,121,297,0
18058,449,2,603.9,301.95,306,11,126,1
18060,316,2,1185.46,592.73,902,74,156,0
18061,15,26,5757.91,221.45807692307693,3305,30,627,1
18062,81,6,1632.67,272.1116666666667,831,46,424,0
18063,298,2,186.60000000000002,93.30000000000001,48,2,242,0
18064,41,11,4481.83,407.4390909090909,2685,53,543,0
18065,91,23,4885.95,212.43260869565216,1829,163,546,1
18066,294,2,1122.4,561.2,427,35,28,1
18068,197,1,101.7,101.7,6,1,0,0
18069,88,9,3434.0,381.55555555555554,2498,499,468,1
18070,577,1,314.1,314.1,86,9,0,0
18071,165,6,1169.68,194.9466666666667,678,52,477,0
18072,93,1,247.44,247.44,288,18,0,0
18073,22,12,3859.82,321.6516666666667,3102,23,82,0
18074,281,2,1019.44,509.72,361,37,131,0
18075,14,18,5129.29,284.9605555555556,2832,163,392,1
18076,288,1,151.49,151.49,164,8,0,0
18077,11,14,3116.7200000000003,222.62285714285716,2453,122,629,1
18078,125,4,725.53,181.3825,370,65,410,0
18079,34,3,2796.96,932.32,6458,67,364,1
18080,150,1,841.4999999999999,841.4999999999999,330,1,0,1
18081,20,2,208.05,104.025,55,7,21,1
18083,305,1,463.53,463.53,268,36,0,0
18084,291,2,704.75,352.375,443,6,5,1
18085,238,4,1341.8500000000001,335.4625,507,42,298,0
18086,182,1,101.34,101.34,106,7,0,0
18087,6,17,14761.52,868.324705882353,7775,44,640,0
18089,354,1,428.45,428.45,95,9,0,0
18090,329,1,321.9,321.9,307,47,0,0
18091,501,1,360.85,360.85,539,25,0,0
18092,27,15,11476.94,765.1293333333334,7326,35,616,1
18093,1,8,4452.71,556.58875,3429,43,525,0
18094,44,11,5776.52,525.1381818181818,3840,51,565,1
18095,220,5,2303.09,460.61800000000005,1623,37,286,0
18096,350,3,808.81,269.6033333333333,621,154,70,1
18097,34,10,3951.7200000000003,395.172,2460,77,595,1
18098,304,1,527.94,527.94,215,85,0,0
18099,35,1,168.31,168.31,149,19,0,0
18100,458,1,451.56,451.56,440,30,0,0
18101,51,4,509.84000000000003,127.46000000000001,185,72,530,1
18102,6,112,456780.49,4078.397232142857,148994,311,640,1
18103,457,1,105.8,105.8,23,10,0,0
18106,237,6,1441.06,240.17666666666665,506,126,364,0
18107,350,1,165.88,165.88,65,38,0,0
18108,162,3,848.8100000000001,282.93666666666667,261,43,483,0
18109,18,29,5983.8099999999995,206.33827586206897,3915,192,416,1
18110,319,1,193.48000000000002,193.48000000000002,97,29,0,1
18111,497,1,405.85,405.85,232,27,0,0
18112,74,3,617.31,205.76999999999998,298,46,385,1
18113,276,1,76.32000000000001,76.32000000000001,72,1,0,0
18114,198,1,220.1,220.1,55,28,0,0
18115,605,1,9.700000000000001,9.700000000000001,3,3,0,0
18116,142,12,1970.93,164.24416666666667,1097,304,177,1
18118,55,21,4660.0,221.9047619047619,2378,378,233,1
18119,275,1,180.7,180.7,124,29,0,0
18120,122,1,111.15,111.15,31,17,0,0
18121,57,2,653.3000000000001,326.65000000000003,438,28,5,0
18122,58,1,119.19,119.19,69,23,0,1
18123,421,1,92.2,92.2,34,22,0,1
18124,380,1,102.65,102.65,47,20,0,0
18125,109,3,933.9,311.3,691,146,114,1
18127,41,2,348.65000000000003,174.325,91,25,269,1
18128,445,1,399.29,399.29,216,42,0,0
18129,151,1,112.55000000000001,112.55000000000001,48,13,0,0
18131,539,1,222.95999999999998,222.95999999999998,552,4,0,0
18132,412,1,220.13,220.13,212,60,0,0
18133,120,1,931.5,931.5,1350,1,0,0
18134,506,2,445.0,222.5,128,27,96,0
18135,98,6,677.53,112.92166666666667,492,21,444,1
18136,119,4,1447.88,361.97,776,73,239,1
18137,459,2,145.99,72.995,59,26,0,0
18138,203,1,152.65,152.65,38,8,0,0
18140,381,1,536.41,536.41,395,49,0,0
18141,309,2,882.47,441.235,433,38,187,0
18142,65,2,1019.52,509.76,1276,9,58,0
18143,24,2,1000.16,500.08000000000004,570,59,25,0
18144,17,16,4169.75,260.609375,1865,51,613,1
18145,112,9,3771.9700000000003,419.10777777777776,3342,158,526,1
18146,48,2,160.35,80.17500000000001,153,10,79,0
18147,16,1,98.88,98.88,80,4,0,1
18148,554,1,112.85000000000001,112.85000000000001,63,9,0,0
18149,123,6,1491.56,248.59333333333333,839,54,420,1
18150,48,2,413.28,206.64,236,22,61,1
18151,42,6,1879.44,313.24,986,99,511,0
18152,554,1,426.69,426.69,75,10,0,0
18153,567,1,246.22,246.22,200,17,0,0
18154,296,3,533.41,177.8033333333333,371,22,102,1
18155,78,2,266.56,133.28,196,14,121,1
18156,277,1,186.88,186.88,68,50,0,1
18157,479,1,213.9,213.9,145,25,0,0
18159,209,1,530.15,530.15,139,23,0,0
18160,108,2,684.37,342.185,372,41,185,1
18161,48,4,955.67,238.9175,540,34,238,1
18162,640,1,371.51,371.51,332,45,0,0
18163,492,1,728.84,728.84,452,33,0,0
18165,85,1,302.46,302.46,254,10,0,0
18166,531,1,175.5,175.5,90,10,0,0
18167,13,1,498.48,498.48,122,13,0,1
18168,84,16,3435.5,214.71875,1995,209,560,0
18170,20,8,2553.2000000000003,319.15,1024,58,588,1
18171,7,8,2200.31,275.03875,841,68,604,1
18172,7,43,15540.84,361.4148837209302,6503,172,629,1
18173,107,4,2318.36,579.59,1538,31,413,1
18174,511,1,58.5,58.5,30,1,0,1
18175,583,1,176.10000000000002,176.10000000000002,70,7,0,0
18176,266,1,476.35,476.35,283,30,0,0
18177,65,8,1912.72,239.09,1072,58,566,1
18178,36,11,6103.74,554.8854545454546,3850,204,530,0
18179,160,6,1857.54,309.59,1180,70,410,1
18180,44,2,601.85,300.92499999999995,553,42,5,1
18181,308,4,821.49,205.3725,377,119,335,1
18182,371,1,291.13,291.13,167,10,0,0
18183,135,2,632.07,316.035,371,36,47,0
18185,157,1,304.25,304.25,183,17,0,0
18186,630,1,329.58000000000004,329.58000000000004,338,11,0,0
18187,539,1,724.89,724.89,310,48,0,0
18188,198,4,1706.15,426.5375,884,65,333,1
18189,175,2,946.59,473.295,622,54,357,1
18190,100,5,745.62,149.124,490,34,525,0
18191,169,2,529.4,264.70000000000005,332,15,215,0
18193,73,3,1207.3500000000001,402.45,926,66,277,0
18194,346,5,3188.2,637.6400000000001,1142,16,241,1
18195,295,1,101.16,101.16,60,5,0,0
18196,3,4,1457.19,364.2975,1038,210,537,0
18197,483,1,230.1,230.1,166,9,0,0
18198,8,14,4427.39,316.2421428571429,3491,64,235,1
18199,591,1,344.75,344.75,99,20,0,0
18200,14,1,150.35,150.35,104,29,0,0
18201,630,1,447.53000000000003,447.53000000000003,191,27,0,0
18202,107,3,1396.99,465.66333333333336,581,55,111,0
18203,65,4,492.52,123.13,111,40,573,0
18204,17,2,1358.8700000000001,679.435,907,113,82,1
18206,461,1,314.65999999999997,314.65999999999997,246,19,0,0
18207,407,1,544.47,544.47,325,31,0,0
18208,473,1,360.08,360.08,82,17,0,0
18210,175,2,289.85,144.925,163,14,115,1
18211,44,2,268.7,134.35000000000002,152,15,142,1
18212,234,2,514.37,257.185,158,40,351,0
18213,144,1,232.48000000000002,232.48000000000002,232,15,0,0
18214,438,4,1780.34,445.085,989,38,23,0
18215,345,4,1933.15,483.2875,1013,49,186,1
18217,421,2,323.29,161.645,249,7,12,1
18218,119,4,1121.84,280.46000000000004,1028,25,448,0
18219,57,15,2650.06,176.67066666666668,1297,78,583,1
18220,134,6,1921.76,320.29333333333335,1352,17,497,0
18221,23,4,1090.19,272.5475,655,54,274,1
18222,0,1,443.0,443.0,335,19,0,0
18223,4,23,11552.65,502.2891304347826,5470,166,638,1
18224,171,1,158.95000000000002,158.95000000000002,69,10,0,0
18225,21,21,10240.62,487.6485714285715,5622,229,622,1
18226,28,24,10901.86,454.2441666666667,7363,267,524,1
18227,125,2,388.75,194.375,22,6,266,0
18229,1,22,8085.67,367.5304545454546,2287,65,642,1
18230,2,7,3627.2200000000003,518.1742857142857,1710,42,431,1
18231,100,28,6854.17,244.7917857142857,2915,218,506,0
18232,65,3,500.62,166.87333333333333,277,29,39,1
18233,233,1,440.0,440.0,4,1,0,0
18234,459,1,179.6,179.6,80,30,0,0
18235,28,2,749.8,374.9,706,49,97,1
18236,37,10,1554.3,155.43,603,72,474,1
18237,27,2,566.59,283.29499999999996,361,31,14,1
18238,423,1,270.92,270.92,114,14,0,0
18239,126,6,1712.26,285.37666666666667,844,85,204,0
18241,7,15,2263.48,150.89866666666666,1140,85,518,1
18242,104,6,2066.8,344.4666666666667,1412,68,501,1
18243,322,1,515.78,515.78,221,26,0,0
18244,338,2,568.64,284.32000000000005,856,19,72,0
18245,57,19,5430.7300000000005,285.82789473684215,4638,291,491,1
18246,141,2,395.62,197.81,118,2,376,1
18247,322,3,839.73,279.91,335,28,216,0
18248,30,2,804.02,402.01,511,39,63,0
18250,218,1,349.27,349.27,199,21,0,0
18251,353,8,21964.14,2745.5175,31815,77,272,1
18252,79,6,1085.32,180.88666666666666,716,38,549,1
18253,550,1,317.88,317.88,128,7,0,0
18254,489,1,267.9,267.9,188,16,0,0
18255,364,1,199.85,199.85,127,13,0,1
18256,295,1,110.69999999999999,110.69999999999999,180,10,0,0
18257,22,9,3825.39,425.0433333333333,2049,190,544,1
18258,372,6,2059.67,343.27833333333336,1981,30,108,0
18259,274,5,1979.6000000000001,395.92,676,36,365,1
18260,80,23,9947.26,432.4895652173913,5244,212,551,0
18261,3,1,224.8,224.8,102,15,0,1
18262,48,3,577.54,192.51333333333332,552,40,462,0
18263,63,2,811.4,405.70000000000005,1048,45,96,1
18264,406,1,603.25,603.25,241,36,0,0
18265,66,1,488.55,488.55,224,29,0,1
18266,342,1,251.1,251.1,138,14,0,0
18267,580,1,269.37,269.37,135,17,0,0
18268,42,6,1490.23,248.37166666666667,711,36,594,0
18269,274,1,168.60000000000002,168.60000000000002,76,7,0,0
18270,174,2,273.35,136.675,149,11,166,1
18271,517,2,680.85,340.425,319,19,121,0
18272,21,7,3413.85,487.6928571428571,2295,123,531,1
18273,3,3,306.0,102.0,120,1,494,1
18275,486,2,741.85,370.925,417,19,152,0
18276,300,5,1320.66,264.132,1060,69,336,1
18277,305,4,1069.67,267.4175,381,48,97,1
18278,312,1,240.3,240.3,74,15,0,1
18279,427,1,231.34,231.34,630,13,0,0
18280,185,2,488.15000000000003,244.07500000000002,194,28,116,0
18281,88,2,201.14,100.57,146,17,397,0
18282,34,1,100.21000000000001,100.21000000000001,75,7,0,1
18283,3,16,1706.2,106.6375,1041,285,562,1
18284,339,1,461.68,461.68,494,28,0,0
18285,568,1,427.0,427.0,145,12,0,0
18286,384,2,1296.43,648.215,608,67,247,0
18287,109,5,3110.9900000000002,622.1980000000001,1915,93,369,1
